Primer set, forward, reverse, forward degeneracy, reverse degeneracy, Pseudomonas amplification percentage, Streptomyces amplification percentage, Bacillus amplification
C1_A10_1,CAGCARCGCCWGTGGTTCCT,GGCAGSGCCTTGCGGTCSAG,4,4,14.6,5.6,0
C1_A10_2,TGTCCTAYGCCCAGSAGCGC,GGCARGSCCTTGCGGTCGAG,4,4,10.8,0,0
C1_A10_3,TGTCCTAYGCCCAGCARCGC,KGCGGTCSAGCTTGCCGTTG,4,4,14.4,2.8,0
C1_A10_4,CTGTCSTWYGCSCAGCAGCG,GGCAGSGCCYKGCGGTCSAG,16,16,14,5.2,0
C1_A10_5,CAGSRRCGSCTGTGGTTCCT,GGCAGSGCSYKGCGGTCGAG,16,16,13.5,14.6,0
C1_A10_6,CAGCARCGSMTGTGGTTYCT,GGCARNGCCTTGCGGTCSAG,16,16,16.2,8.5,0
C1_A10_7,TGTCCTAYGCCCAGSARCG,GGCARSSCCTTGCGGTCSAG,8,16,19.9,1.4,0
C1_A10_8,CTGTCSTWYGCCCAGCARCG,KGCGGTCSASYTTGCCGTTG,16,16,23.8,8.5,0
C1_A10_9,TGTCSTWYGCCCAGSARCGC,GGCARBGCCTTGCGKTCSAG,32,24,24.3,3.3,0
C1_A10_10,CAGCARCGSMWGTGGTTYCT,GGCARNGCCTKGCGGTCSAG,32,32,29.3,9.4,0
C1_A10_11,YTGTCSTWYGCCCAGCARCG,GGCARSGCCYKGCGGTCSAG,32,32,25.6,8,0
C1_A10_12,CAGSARCGSMWGTGGTTCCT,GGCARSGCCYKGCGGTCSAG,32,32,31.8,13.1,0
C1_A10_13,CAGCRNCGSMTSTGGTTCCT,CGGGCAGSGCSYKSCGGTC,64,32,4.3,24.9,0
C1_A10_14,GCSCAGCRRCGSMWGTGGTT,GGCAGSGCNYKGCGGTCSAG,64,64,26.8,18.8,0
C1_A10_15,TGTCSTWYGCCCAGSARCG,GGCARNGCCTKGCGRTCSAG,32,64,35.5,5.6,0
C1_A10_16,CAGSARCGSMWGTGGTTYCT,GGCARNGCCTKGCGRTCSAG,64,64,37.3,9.9,0
C1_A10_17,YTGTCSTWYGCCCAGSARCG,GGCARNGCCYKGCGGTCSAG,64,64,34.3,8,0
C1_A10_18,CTGTCSTWYGCSCAGSARCG,GGCARSGCSYKGCGGTCSAG,64,64,32.3,10.3,0
C1_A10_19,CAGSRRCGSMWGTGGTTCCT,GGCARSGCSYKGCGGTCSAG,64,64,34.3,18.8,0
C1_A10_20,CTGTCSTWYGCSCAGSARCG,KSCGGTCSAKCTTGCCGYT,64,32,33,17.4,0
C1_A10_21,CTGTCSTWYGCSCAGSANCG,BVCGGTCSABCTTGCCGTT,128,54,36.2,24.9,0
C1_A10_22,CAGSRVCGSMWGTGGTTCCT,BVCGGTCSABCTTGCCGTT,96,54,38.4,42.7,0
C1_A10_23,CAGSRNCGSMTSTGGTTCCT,CSGGCAGSGCSYKSCGGTC,128,64,14.9,29.6,0
C1_A10_24,CAGSARCGSMWSTGGTTYCT,GGCARSGCSYKGCGRTCSAG,128,128,40.3,16.9,0
C4_A10_1,GACTWYRCSSTSTGGCARCG,BVCGGTCSABCTTGCCGTT,128,54,41,44.1,1.4
C4_A10_2,GAYTACRCSVTSTGGCARCG,BVCGGTCSABCTTGCCGTT,96,54,38.2,38,0.8
C4_A10_3,TSCARTACGCSGAYTWYGC,BVCGGTCSABCTTGCCGTT,64,54,41.4,37.6,0.3
C4_A10_4,TSCARTACGCSGACTWYRC,BVCGGTCSABCTTGCCGTT,64,54,37.5,41.3,0
C4_A10_5,CSRTSCAGTACSCSGACT,BVCGGTCSABCTTGCCGTT,32,54,31.8,37.1,0
C4_A10_6,CSYTGSCSRTSCAGTACGSC,BVCGGTCSABCTTGCCGTT,128,54,26.8,24.4,0
C4_A10_7,MGSCGYTGSCSRTSCAGTAC,BVCGGTCSABCTTGCCGTT,128,54,24.5,17.8,0.8
C4_A10_8,GACTWCGCSNNSTGGCAGCG,BVCGGTCSABCTTGCCGTT,128,54,40.7,36.6,0
C4_A10_9,GAYTAYRCSSTSTGGCARCG,BVCGGTCSABCTTGCCGTT,128,54,41.6,38,2.7
C4_A10_10,GAYTWYRCSSTSTGGCAGCG,BVCGGTCSABCTTGCCGTT,128,54,38.9,45.1,2.7
C4_A10_11,TSCAGTACGSSGAYTWYGC,BVCGGTCSABCTTGCCGTT,64,54,43.5,37.6,0
C4_A10_12,TSCARTACSCSGACTWYGC,BVCGGTCSABCTTGCCGTT,64,54,40,35.7,0
