,Description,Scientific Name,Max Score,Total Score,Query Cover,E value,Per. Ident,Acc. Len,Accession,Phyla,Class,Order,Suborder,Family,Genus
OTU190,amino acid adenylation domain-containing protein [Acidobacteriales bacterium],Acidobacteriales bacterium,258,258,93%,1.00E-77,65.50%,739,MBV9670143.1,Acidobacteria,Acidobacteriia,Acidobacteriales,,,
OTU4,amino acid adenylation domain-containing protein [Acidobacteriia bacterium],Acidobacteriia bacterium,508,1108,100%,6.00E-161,79.54%,3052,MBZ5723299.1,Acidobacteria,Acidobacteriia,,,,
OTU42,amino acid adenylation domain-containing protein [Acidobacteriia bacterium],Acidobacteriia bacterium,458,1022,100%,1.00E-143,77.22%,305200.00%,MBZ5723299.1,Acidobacteria,Acidobacteriia,,,,
OTU53,amino acid adenylation domain-containing protein [Acidobacteriia bacterium],Acidobacteriia bacterium,463,1038,100%,1.00E-145,78.29%,3052,MBZ5723299.1,Acidobacteria,Acidobacteriia,,,,
OTU63,amino acid adenylation domain-containing protein [Acidobacteriia bacterium],Acidobacteriia bacterium,427,427,100%,1.00E-139,73.02%,93000.00%,MBZ5723309.1,Acidobacteria,Acidobacteriia,,,,
OTU117,amino acid adenylation domain-containing protein [Acidobacteriia bacterium],Acidobacteriia bacterium,501,1109,94%,1.00E-158,83.62%,3052,MBZ5723299.1,Acidobacteria,Acidobacteriia,,,,
OTU195,amino acid adenylation domain-containing protein [Acidobacteriia bacterium],Acidobacteriia bacterium,399,399,100%,6.00E-123,70.90%,2851,MBZ5721324.1,Acidobacteria,Acidobacteriia,,,,
OTU213,amino acid adenylation domain-containing protein [Acidobacteriia bacterium],Acidobacteriia bacterium,453,1041,100%,4.00E-142,77.26%,3052,MBZ5723299.1,Acidobacteria,Acidobacteriia,,,,
OTU283,amino acid adenylation domain-containing protein [Acidobacteriia bacterium],Acidobacteriia bacterium,529,1150,99%,3.00E-168,84.90%,3052,MBZ5723299.1,Acidobacteria,Acidobacteriia,,,,
OTU393,amino acid adenylation domain-containing protein [Acidobacteriia bacterium],Acidobacteriia bacterium,348,348,100%,3.00E-109,55.67%,896,MBZ5571457.1,Acidobacteria,Acidobacteriia,,,,
OTU71,amino acid adenylation domain-containing protein [Bryobacterales bacterium],Bryobacterales bacterium,223,514,100%,8.00E-64,75.60%,4085,MCC6858504.1,Acidobacteria,Acidobacteriia,Bryobacterales,,,
OTU277,amino acid adenylation domain-containing protein [Bryobacterales bacterium],Bryobacterales bacterium,440,938,100%,6.00E-137,71.84%,4085,MCC6858504.1,Acidobacteria,Acidobacteriia,Bryobacterales,,,
OTU330,DEAD/DEAH box helicase [Bryobacterales bacterium],Bryobacterales bacterium,426,426,98%,4.00E-138,76.40%,1099,MBL8227245.1,Acidobacteria,Acidobacteriia,Bryobacterales,,,
OTU354,amino acid adenylation domain-containing protein [Bryobacterales bacterium],Bryobacterales bacterium,405,772,100%,2.00E-125,74.83%,4085,MCC6858504.1,Acidobacteria,Acidobacteriia,Bryobacterales,,,
OTU93,AMP-binding protein [Candidatus Acidoferrum panamensis],Candidatus Acidoferrum panamensis,208,208,99%,1.00E-63,74.81%,36700.00%,MBA0085466.1,Acidobacteria,Acidobacteriia,Candidatus Acidoferrales,,Candidatus Acidoferrum,Candidatus Acidoferrum
OTU282,non-ribosomal peptide synthetase [Blastocatellia bacterium AA13],Blastocatellia bacterium AA13,396,780,100%,6.00E-122,62.67%,2222,PYP88080.1,Acidobacteria,Blastocatellia,,,,
OTU25,amino acid adenylation domain-containing protein [Pyrinomonadaceae bacterium],Pyrinomonadaceae bacterium,337,337,98%,2.00E-104,56.42%,1017,MBC7910680.1,Acidobacteria,Blastocatellia,Blastocatellales,,Pyrinomonadaceae,
OTU1,amino acid adenylation domain-containing protein [Acidobacteria bacterium],Acidobacteria bacterium,338,338,100%,7.00E-107,65%,7.50E+02,MBV8857114.1,Acidobacteria,,,,,
OTU14,non-ribosomal peptide synthetase [Acidobacteria bacterium],Acidobacteria bacterium,365,365,100%,1.00E-114,64.14%,1050,PYV41544.1,Acidobacteria,,,,,
OTU26,amino acid adenylation domain-containing protein [Acidobacteria bacterium],Acidobacteria bacterium,433,433,97%,4.00E-147,69.81%,511,MCI0659314.1,Acidobacteria,,,,,
OTU32,AMP-binding protein [Acidobacteria bacterium],Acidobacteria bacterium,396,396,100%,3.00E-132,66.25%,512,MCI0656213.1,Acidobacteria,,,,,
OTU61,non-ribosomal peptide synthetase [Acidobacteria bacterium],Acidobacteria bacterium,336,336,99%,1.00E-108,64.71%,550,PYS95738.1,Acidobacteria,,,,,
OTU62,hypothetical protein DMF72_20290 [Acidobacteria bacterium],Acidobacteria bacterium,271,408,98%,9.00E-79,56.88%,221200.00%,PYS20676.1,Acidobacteria,,,,,
OTU103,amino acid adenylation domain-containing protein [Acidobacteria bacterium],Acidobacteria bacterium,219,394,100%,2.00E-61,56.02%,2860,MCA1575842.1,Acidobacteria,,,,,
OTU143,non-ribosomal peptide synthetase [Acidobacteria bacterium],Acidobacteria bacterium,147,354,99%,2.00E-63,58.90%,1640,PYX89010.1,Acidobacteria,,,,,
OTU164,amino acid adenylation domain-containing protein [Acidobacteria bacterium],Acidobacteria bacterium,336,336,99%,3.00E-103,59.34%,1151,MCA1600457.1,Acidobacteria,,,,,
OTU174,non-ribosomal peptide synthetase [Acidobacteria bacterium],Acidobacteria bacterium,327,327,99%,3.00E-105,61.32%,550,PYS95738.1,Acidobacteria,,,,,
OTU199,non-ribosomal peptide synthetase [Acidobacteria bacterium],Acidobacteria bacterium,329,329,100%,9.00E-105,60.19%,632,PYX13992.1,Acidobacteria,,,,,
OTU201,amino acid adenylation domain-containing protein [Acidobacteria bacterium],Acidobacteria bacterium,353,353,100%,2.00E-107,74.35%,1527,MCA1635265.1,Acidobacteria,,,,,
OTU207,non-ribosomal peptide synthetase [Acidobacteria bacterium],Acidobacteria bacterium,367,367,100%,1.00E-114,65.99%,1140,PYV94702.1,Acidobacteria,,,,,
OTU218,amino acid adenylation domain-containing protein [Acidobacteria bacterium],Acidobacteria bacterium,335,335,98%,2.00E-109,63.33%,511,MCI0659314.1,Acidobacteria,,,,,
OTU234,non-ribosomal peptide synthetase [Acidobacteria bacterium],Acidobacteria bacterium,317,317,100%,3.00E-100,54.83%,645,PYX95744.1,Acidobacteria,,,,,
OTU236,non-ribosomal peptide synthetase [Acidobacteria bacterium],Acidobacteria bacterium,303,303,99%,1.00E-94,58.62%,63200.00%,PYX13992.1,Acidobacteria,,,,,
OTU239,amino acid adenylation domain-containing protein [Acidobacteria bacterium],Acidobacteria bacterium,308,652,99%,9.00E-92,68.35%,318100.00%,NOT27406.1,Acidobacteria,,,,,
OTU252,non-ribosomal peptide synthetase [Acidobacteria bacterium],Acidobacteria bacterium,312,312,96%,2.00E-100,62.50%,479,MCA1566086.1,Acidobacteria,,,,,
OTU262,non-ribosomal peptide synthetase [Acidobacteria bacterium],Acidobacteria bacterium,352,352,100%,7.00E-110,65.16%,1050,PYV41544.1,Acidobacteria,,,,,
OTU293,amino acid adenylation domain-containing protein [Acidobacteria bacterium],Acidobacteria bacterium,320,320,98%,9.00E-96,63.38%,258400.00%,MCC7416298.1,Acidobacteria,,,,,
OTU315,non-ribosomal peptide synthetase [Acidobacteria bacterium],Acidobacteria bacterium,435,435,100%,3.00E-141,68.21%,1050,PYV41544.1,Acidobacteria,,,,,
OTU318,non-ribosomal peptide synthetase [Acidobacteria bacterium],Acidobacteria bacterium,266,266,99%,9.00E-78,54.32%,1128,PYS91302.1,Acidobacteria,,,,,
OTU338,amino acid adenylation domain-containing protein [Acidobacteria bacterium],Acidobacteria bacterium,363,363,99%,1.00E-114,74.59%,1059,MCA1575866.1,Acidobacteria,,,,,
OTU340,amino acid adenylation [Acidobacteria bacterium],Acidobacteria bacterium,317,317,99%,2.00E-94,69.31%,1698,PYS90389.1,Acidobacteria,,,,,
OTU350,non-ribosomal peptide synthetase [Acidobacteria bacterium],Acidobacteria bacterium,412,412,99%,1.00E-132,69.75%,1050,PYV41544.1,Acidobacteria,,,,,
OTU360,amino acid adenylation domain-containing protein [Acidobacteria bacterium],Acidobacteria bacterium,384,384,100%,1.00E-120,63.16%,1151,MCA1600457.1,Acidobacteria,,,,,
OTU379,non-ribosomal peptide synthetase [Acidobacteria bacterium],Acidobacteria bacterium,315,315,99%,9.00E-102,58.15%,47900.00%,MCA1566086.1,Acidobacteria,,,,,
OTU386,non-ribosomal peptide synthetase [Acidobacteria bacterium],Acidobacteria bacterium,321,321,99%,4.00E-98,61.29%,1084,PYV31924.1,Acidobacteria,,,,,
OTU388,amino acid adenylation domain-containing protein [Acidobacteria bacterium],Acidobacteria bacterium,336,811,100%,4.00E-101,58.16%,3181,NOT27406.1,Acidobacteria,,,,,
OTU395,AMP-binding protein [Acidobacteria bacterium],Acidobacteria bacterium,329,329,98%,5.00E-106,59.93%,512,MCI0656213.1,Acidobacteria,,,,,
OTU401,non-ribosomal peptide synthetase [Acidobacteria bacterium],Acidobacteria bacterium,386,386,100%,1.00E-122,65.54%,1050,PYV41544.1,Acidobacteria,,,,,
OTU406,amino acid adenylation domain-containing protein [Acidobacteria bacterium],Acidobacteria bacterium,264,264,98%,3.00E-77,56.34%,1060,MCA1567669.1,Acidobacteria,,,,,
OTU410,non-ribosomal peptide synthase/polyketide synthase [Acidobacteria bacterium],Acidobacteria bacterium,292,1572,100%,2.00E-86,68.55%,7693,MBW8874485.1,Acidobacteria,,,,,
OTU422,amino acid adenylation domain-containing protein [Acidobacteria bacterium],Acidobacteria bacterium,354,354,99%,2.00E-111,65.70%,979,MCA1568631.1,Acidobacteria,,,,,
OTU424,AMP-binding protein [Ilumatobacteraceae bacterium],Ilumatobacteraceae bacterium,390,390,99%,1.00E-126,69.07%,815,MBP9051840.1,Actinomycetota,Acidimicrobiia,Acidimicrobiales,,Ilumatobacteraceae,
OTU286,non-ribosomal peptide synthetase [Actinacidiphila alni],Actinacidiphila alni,448,1143,99%,8.00E-140,74.83%,3736,WP_177246499.1,Actinomycetota,Actinomycetes,Streptomycetales,,Streptomycetaceae,Actinacidiphila
OTU317,amino acid adenylation domain-containing protein [Actinomadura barringtoniae],Actinomadura barringtoniae,378,378,99%,2.00E-119,68.87%,1055,MBO2449476.1,Actinomycetota,Actinomycetes,Streptosporangiales,,Thermomonosporaceae,Actinomadura
OTU435,amino acid adenylation domain-containing protein [Actinomadura soli],Actinomadura soli,401,733,99%,2.00E-123,69.66%,218200.00%,TMQ95632.1,Actinomycetota,Actinomycetes,Streptosporangiales,,Thermomonosporaceae,Actinomadura
OTU140,amino acid adenylation domain-containing protein [Actinomycetia bacterium],Actinomycetia bacterium,395,395,98%,3.00E-133,70.95%,434,MCA1682294.1,Actinomycetota,Actinomycetes,,,,
OTU211,non-ribosomal peptide synthase/polyketide synthase [Actinoplanes sp. TRM66264-DLM],Actinoplanes sp. TRM66264-DLM,354,3592,92%,1.00E-107,75.10%,11814,WP_221382901.1,Actinomycetota,Actinomycetes,Micromonosporales,,Micromonosporaceae,Actinoplanes
OTU311,non-ribosomal peptide synthetase [Actinoplanes sp. TRM66264-DLM],Actinoplanes sp. TRM66264-DLM,375,1028,99%,4.00E-115,74.71%,3854,WP_255646203.1,Actinomycetota,Actinomycetes,Micromonosporales,,Micromonosporaceae,Actinoplanes
OTU279,non-ribosomal peptide synthase/polyketide synthase [Actinosynnema pretiosum],Actinosynnema pretiosum,55.8,146,92%,3.00E-07,71.05%,7139,WP_253847541.1,Actinomycetota,Actinomycetes,Pseudonocardiales,,Pseudonocardiaceae,Actinosynnema
OTU372,non-ribosomal peptide synthetase/MFS transporter [Amycolatopsis lurida],Amycolatopsis lurida,366,366,95%,4.00E-112,71.81%,1808,WP_034307984.1,Actinomycetota,Actinomycetes,Pseudonocardiales,,Pseudonocardiaceae,Amycolatopsis
OTU268,non-ribosomal peptide synthase/polyketide synthase [Antrihabitans stalactiti],Antrihabitans stalactiti,556,1637,100%,2.00E-177,96.99%,8937,WP_169591175.1,Actinomycetota,Actinomycetes,Corynebacteriales,,Nocardiaceae,Antrihabitans
OTU336,amino acid adenylation domain-containing protein [Catenulispora sp.],Catenulispora sp.,231,231,90%,2.00E-65,69.12%,1811,NUR59075.1,Actinomycetota,Actinomycetes,Catenulisporales,,Catenulisporaceae,Catenulispora
OTU36,non-ribosomal peptide synthase/polyketide synthase [Crossiella cryophila],Crossiella cryophila,348,1237,100%,3.00E-105,66.32%,651600.00%,WP_185003026.1,Actinomycetota,Actinomycetes,Pseudonocardiales,,Pseudonocardiaceae,Crossiella
OTU160,non-ribosomal peptide synthase/polyketide synthase [Crossiella cryophila],Crossiella cryophila,399,1323,95%,3.00E-123,76.52%,7279,WP_246493435.1,Actinomycetota,Actinomycetes,Pseudonocardiales,,Pseudonocardiaceae,Crossiella
OTU156,non-ribosomal peptide synthetase [Crossiella equi],Crossiella equi,357,1181,99%,2.00E-109,79.56%,7213,WP_245374990.1,Actinomycetota,Actinomycetes,Pseudonocardiales,,Pseudonocardiaceae,Crossiella
OTU313,non-ribosomal peptide synthase/polyketide synthase [Kibdelosporangium banguiense],Kibdelosporangium banguiense,412,1503,100%,3.00E-127,71.67%,6460,WP_209633579.1,Actinomycetota,Actinomycetes,Pseudonocardiales,,Pseudonocardiaceae,Kibdelosporangium
OTU46,non-ribosomal peptide synthetase [Kribbella catacumbae],Kribbella catacumbae,542,1375,100%,2.00E-172,94.43%,7566,WP_020387123.1,Actinomycetota,Actinomycetes,Propionibacteriales,,Kribbellaceae,Kribbella
OTU342,non-ribosomal peptide synthetase [Kribbella catacumbae],Kribbella catacumbae,597,1585,100%,0,95.50%,7566,WP_020387123.1,Actinomycetota,Actinomycetes,Propionibacteriales,,Kribbellaceae,Kribbella
OTU40,non-ribosomal peptide synthetase [Kribbella italica],Kribbella italica,383,897,94%,2.00E-117,78.81%,3423,WP_238356597.1,Actinomycetota,Actinomycetes,Propionibacteriales,,Kribbellaceae,Kribbella
OTU408,non-ribosomal peptide synthetase [Kutzneria sp. CA-103260],Kutzneria sp. CA-103260,141,328,100%,1.00E-36,82.56%,3953,WP_211766901.1,Actinomycetota,Actinomycetes,Pseudonocardiales,,Pseudonocardiaceae,Kutzneria
OTU382,non-ribosomal peptide synthetase [Lentzea flava],Lentzea flava,434,584,100%,3.00E-135,87.41%,2466,WP_189253880.1,Actinomycetota,Actinomycetes,Pseudonocardiales,,Pseudonocardiaceae,Lentzea
OTU133,non-ribosomal peptide synthase/polyketide synthase [Lentzea sp. NEAU-D7],Lentzea sp. NEAU-D7,497,1266,100%,3.00E-157,91.47%,6017,WP_266032434.1,Actinomycetota,Actinomycetes,Pseudonocardiales,,Pseudonocardiaceae,Lentzea
OTU289,non-ribosomal peptide synthase/polyketide synthase [Lentzea sp. NEAU-D7],Lentzea sp. NEAU-D7,530,1634,100%,2.00E-168,89.67%,6017,WP_266032434.1,Actinomycetota,Actinomycetes,Pseudonocardiales,,Pseudonocardiaceae,Lentzea
OTU421,non-ribosomal peptide synthetase [Micromonospora sp. HM5-17],Micromonospora sp. HM5-17,274,274,97%,2.00E-80,63.90%,1150,WP_123558723.1,Actinomycetota,Actinomycetes,Micromonosporales,,Micromonosporaceae,Micromonospora
OTU353,amino acid adenylation domain-containing protein [Mycobacterium avium],Mycobacterium avium,394,394,93%,9.00E-132,77.04%,517,WP_155727690.1,Actinomycetota,Actinomycetes,Corynebacteriales,,Mycobacteriaceae,Mycobacterium
OTU88,non-ribosomal peptide synthase/polyketide synthase [Mycobacterium hodleri],Mycobacterium hodleri,542,1897,100%,7.00E-173,93.45%,8594,WP_142551694.1,Actinomycetota,Actinomycetes,Corynebacteriales,,Mycobacteriaceae,Mycobacterium
OTU145,non-ribosomal peptide synthetase [Mycobacterium sp. 852002-51163_SCH5372311],Mycobacterium sp. 852002-51163_SCH5372311,361,361,99%,3.00E-114,76.60%,932,WP_156661305.1,Actinomycetota,Actinomycetes,Corynebacteriales,,Mycobacteriaceae,Mycobacterium
OTU176,AMP-binding protein [Mycolicibacterium fortuitum],Mycolicibacterium fortuitum,137,137,83%,1.00E-38,81.48%,156,WP_171509074.1,Actinomycetota,Actinomycetes,Corynebacteriales,,Mycobacteriaceae,Mycolicibacterium
OTU129,amino acid adenylation domain-containing protein [Mycolicibacterium vanbaalenii],Mycolicibacterium vanbaalenii,382,382,99%,4.00E-119,71.38%,1381,WP_263998465.1,Actinomycetota,Actinomycetes,Corynebacteriales,,Mycobacteriaceae,Mycolicibacterium
OTU134,amino acid adenylation domain-containing protein [Mycolicibacterium vanbaalenii],Mycolicibacterium vanbaalenii,402,402,100%,1.00E-126,72.85%,1381,WP_263998465.1,Actinomycetota,Actinomycetes,Corynebacteriales,,Mycobacteriaceae,Mycolicibacterium
OTU247,non-ribosomal peptide synthetase [Phytohabitans houttuyneae],Phytohabitans houttuyneae,328,698,100%,2.00E-98,72.92%,3091,GFJ77863.1,Actinomycetota,Actinomycetes,Micromonosporales,,Micromonosporaceae,Phytohabitans
OTU325,amino acid adenylation domain-containing protein [Plantactinospora alkalitolerans],Plantactinospora alkalitolerans,243,243,98%,3.00E-75,60.36%,341,WP_230393259.1,Actinomycetota,Actinomycetes,Micromonosporales,,Micromonosporaceae,Plantactinospora
OTU104,amino acid adenylation domain-containing protein [Pseudonocardiales bacterium],Pseudonocardiales bacterium,323,323,95%,4.00E-102,66.54%,720,MBV9061034.1,Actinomycetota,Actinomycetes,Pseudonocardiales,,Pseudonocardia,
OTU402,amino acid adenylation domain-containing protein [Rhodococcus sp.],Rhodococcus sp.,485,1021,100%,1.00E-153,100.00%,4149,RZK75236.1,Actinomycetota,Actinomycetes,Corynebacteriales,,Nocardiaceae,Rhodococcus
OTU445,non-ribosomal peptide synthase/polyketide synthase [Rhodococcus sp. ACPA1],Rhodococcus sp. ACPA1,518,2640,98%,6.00E-165,98.86%,9844,WP_257015059.1,Actinomycetota,Actinomycetes,Corynebacteriales,,Nocardiaceae,Rhodococcus
OTU389,non-ribosomal peptide synthetase [Rhodococcus sp. SC4],Rhodococcus sp. SC4,587,2586,100%,0,100.00%,11241,KXF55044.1,Actinomycetota,Actinomycetes,Corynebacteriales,,Nocardiaceae,Rhodococcus
OTU349,non-ribosomal peptide synthetase [Streptoalloteichus hindustanus],Streptoalloteichus hindustanus,58.5,58.5,67%,1.00E-07,59.18%,636,WP_073484112.1,Actinomycetota,Actinomycetes,Pseudonocardiales,,Pseudonocardiaceae,Streptoalloteichus
OTU376,amino acid adenylation domain-containing protein [Streptomyces],Streptomyces,385,385,99%,4.00E-129,76.87%,466,WP_051843723.1,Actinomycetota,Actinomycetes,Streptomycetales,,Streptomycetaceae,Streptomyces
OTU198,non-ribosomal peptide synthetase [Streptomyces albovinaceus],Streptomyces albovinaceus,223,223,75%,1.00E-63,80.62%,1197,WP_143588488.1,Actinomycetota,Actinomycetes,Streptomycetales,,Streptomycetaceae,Streptomyces
OTU222,non-ribosomal peptide synthetase [Streptomyces atratus],Streptomyces atratus,314,314,100%,7.00E-99,60.76%,696,WP_189282458.1,Actinomycetota,Actinomycetes,Streptomycetales,,Streptomycetaceae,Streptomyces
OTU390,non-ribosomal peptide synthetase [Streptomyces brasiliensis],Streptomyces brasiliensis,322,322,85%,6.00E-106,78.28%,357,WP_189317983.1,Actinomycetota,Actinomycetes,Streptomycetales,,Streptomycetaceae,Streptomyces
OTU241,amino acid adenylation domain-containing protein [Streptomyces cellostaticus],Streptomyces cellostaticus,394,394,99%,1.00E-127,77.08%,867,WP_250405568.1,Actinomycetota,Actinomycetes,Streptomycetales,,Streptomycetaceae,Streptomyces
OTU214,non-ribosomal peptide synthetase [Streptomyces fuscichromogenes],Streptomyces fuscichromogenes,336,575,100%,1.00E-101,65.09%,1732,WP_189269769.1,Actinomycetota,Actinomycetes,Streptomycetales,,Streptomycetaceae,Streptomyces
OTU212,non-ribosomal peptide synthetase [Streptomyces glebosus],Streptomyces glebosus,464,990,93%,3.00E-146,98.43%,5285,WP_190143650.1,Actinomycetota,Actinomycetes,Streptomycetales,,Streptomycetaceae,Streptomyces
OTU6,non-ribosomal peptide synthetase [Streptomyces griseofuscus],Streptomyces griseofuscus,285,285,90%,3.00E-91,63.86%,372,RRQ65977.1,Actinomycetota,Actinomycetes,Streptomycetales,,Streptomycetaceae,Streptomyces
OTU41,non-ribosomal peptide synthetase [Streptomyces griseofuscus],Streptomyces griseofuscus,221,221,83%,3.00E-69,69.62%,248,WP_037664796.1,Actinomycetota,Actinomycetes,Streptomycetales,,Streptomycetaceae,Streptomyces
OTU47,non-ribosomal peptide synthetase [Streptomyces griseofuscus],Streptomyces griseofuscus,228,228,97%,2.00E-70,66.08%,372,RRQ65977.1,Actinomycetota,Actinomycetes,Streptomycetales,,Streptomycetaceae,Streptomyces
OTU321,AMP-binding protein [Streptomyces hygroscopicus],Streptomyces hygroscopicus,250,250,94%,4.00E-78,49.62%,319,WP_159061127.1,Actinomycetota,Actinomycetes,Streptomycetales,,Streptomycetaceae,Streptomyces
OTU209,non-ribosomal peptide synthetase [Streptomyces inusitatus],Streptomyces inusitatus,347,347,98%,6.00E-115,70.69%,383,WP_190127215.1,Actinomycetota,Actinomycetes,Streptomycetales,,Streptomycetaceae,Streptomyces
OTU55,amino acid adenylation domain-containing protein [Streptomyces phaeoluteigriseus],Streptomyces phaeoluteigriseus,444,444,99%,7.00E-145,76.37%,1073,WP_245874009.1,Actinomycetota,Actinomycetes,Streptomycetales,,Streptomycetaceae,Streptomyces
OTU43,amino acid adenylation domain-containing protein [Streptomyces sp. 150FB],Streptomyces sp. 150FB,433,433,97%,3.00E-142,80.84%,885,WP_160311000.1,Actinomycetota,Actinomycetes,Streptomycetales,,Streptomycetaceae,Streptomyces
OTU339,non-ribosomal peptide synthetase [Streptomyces sp. AC555_RSS877],Streptomyces sp. AC555_RSS877,325,325,100%,6.00E-102,73.79%,750,WP_217241585.1,Actinomycetota,Actinomycetes,Streptomycetales,,Streptomycetaceae,Streptomyces
OTU173,AMP-binding protein [Streptomyces sp. AS58],Streptomyces sp. AS58,146,146,77%,2.00E-40,60.67%,195,WP_159054071.1,Actinomycetota,Actinomycetes,Streptomycetales,,Streptomycetaceae,Streptomyces
OTU144,non-ribosomal peptide synthetase [Streptomyces sp. G44],Streptomyces sp. G44,422,422,99%,3.00E-144,77.55%,411,WP_205040470.1,Actinomycetota,Actinomycetes,Streptomycetales,,Streptomycetaceae,Streptomyces
OTU97,amino acid adenylation domain-containing protein [Streptomyces sp. H39-S7],Streptomyces sp. H39-S7,293,477,83%,9.00E-88,92.36%,1768,WP_269274282.1,Actinomycetota,Actinomycetes,Streptomycetales,,Streptomycetaceae,Streptomyces
OTU449,amino acid adenylation domain-containing protein [Streptomyces sp. HD],Streptomyces sp. HD,220,220,74%,1.00E-62,62.15%,900,WP_272125437.1,Actinomycetota,Actinomycetes,Streptomycetales,,Streptomycetaceae,Streptomyces
OTU152,non-ribosomal peptide synthetase [Streptomyces sp. MUM 16J],Streptomyces sp. MUM 16J,241,241,86%,2.00E-72,68.03%,524,WP_240103897.1,Actinomycetota,Actinomycetes,Streptomycetales,,Streptomycetaceae,Streptomyces
OTU12,amino acid adenylation domain-containing protein [Streptomyces sp. rh34],Streptomyces sp. rh34,296,296,100%,9.00E-93,71.01%,650,WP_257139065.1,Actinomycetota,Actinomycetes,Streptomycetales,,Streptomycetaceae,Streptomyces
OTU8,non-ribosomal peptide synthetase [Streptomyces sp. S063],Streptomyces sp. S063,322,322,91%,1.00E-100,65.74%,801,WP_164873485.1,Actinomycetota,Actinomycetes,Streptomycetales,,Streptomycetaceae,Streptomyces
OTU251,non-ribosomal peptide synthetase [Streptomyces sp. SID1034],Streptomyces sp. SID1034,386,386,98%,3.00E-132,81.75%,316,WP_161245402.1,Actinomycetota,Actinomycetes,Streptomycetales,,Streptomycetaceae,Streptomyces
OTU452,non-ribosomal peptide synthetase [Streptomyces sp. SID1034],Streptomyces sp. SID1034,392,392,98%,1.00E-134,82.54%,316,WP_161245402.1,Actinomycetota,Actinomycetes,Streptomycetales,,Streptomycetaceae,Streptomyces
OTU385,amino acid adenylation domain-containing protein [Streptomyces sp. SID3212],Streptomyces sp. SID3212,474,474,100%,1.00E-163,87.50%,485,MYV51983.1,Actinomycetota,Actinomycetes,Streptomycetales,,Streptomycetaceae,Streptomyces
OTU229,amino acid adenylation domain-containing protein [Streptomyces sp. SID5643],Streptomyces sp. SID5643,304,304,98%,3.00E-96,75.42%,605,WP_161366192.1,Actinomycetota,Actinomycetes,Streptomycetales,,Streptomycetaceae,Streptomyces
OTU363,non-ribosomal peptide synthetase [Streptomyces sp. SID5643],Streptomyces sp. SID5643,448,448,99%,3.00E-144,81.43%,1296,WP_161366138.1,Actinomycetota,Actinomycetes,Streptomycetales,,Streptomycetaceae,Streptomyces
OTU177,AMP-binding protein [Streptomyces sp. SID685],Streptomyces sp. SID685,139,139,100%,2.00E-39,60.87%,155,WP_161246152.1,Actinomycetota,Actinomycetes,Streptomycetales,,Streptomycetaceae,Streptomyces
OTU448,amino acid adenylation domain-containing protein [Streptomyces sp. SID7805],Streptomyces sp. SID7805,343,485,100%,9.00E-104,68.46%,2369,MYU56093.1,Actinomycetota,Actinomycetes,Streptomycetales,,Streptomycetaceae,Streptomyces
OTU440,amino acid adenylation domain-containing protein [Streptomyces sp. SMC 277],Streptomyces sp. SMC 277,416,416,99%,1.00E-138,71.13%,650,WP_226731074.1,Actinomycetota,Actinomycetes,Streptomycetales,,Streptomycetaceae,Streptomyces
OTU223,non-ribosomal peptide synthetase [Streptomyces sp. TR1341],Streptomyces sp. TR1341,301,301,99%,1.00E-95,58.15%,509,WP_162135810.1,Actinomycetota,Actinomycetes,Streptomycetales,,Streptomycetaceae,Streptomyces
OTU9,non-ribosomal peptide synthetase [Streptomyces sp. WM6372],Streptomyces sp. WM6372,424,424,93%,2.00E-137,86.84%,1065,WP_234343489.1,Actinomycetota,Actinomycetes,Streptomycetales,,Streptomycetaceae,Streptomyces
OTU106,non-ribosomal peptide synthetase [Streptomyces yokosukanensis],Streptomyces yokosukanensis,459,459,100%,1.00E-148,80.82%,1270,WP_067135914.1,Actinomycetota,Actinomycetes,Streptomycetales,,Streptomycetaceae,Streptomyces
OTU391,amino acid adenylation domain-containing protein [Solirubrobacterales bacterium],Solirubrobacterales bacterium,310,310,99%,2.00E-94,63.53%,1070,MBA3806781.1,Actinomycetota,Thermoleophilia,Solirubrobacterales,,,
OTU184,non-ribosomal peptide synthetase [Bacillus mycoides],Bacillus mycoides,360,360,100%,1.00E-116,58.89%,678,WP_197228081.1,Bacillota,Bacilli,Bacillales,,Bacillaceae,Bacillus
OTU132,non-ribosomal peptide synthetase [Bacillus pseudomycoides],Bacillus pseudomycoides,329,329,99%,3.00E-108,52.15%,361,PDY43912.1,Bacillota,Bacilli,Bacillales,,Bacillaceae,Bacillus
OTU270,TPA: non-ribosomal peptide synthetase [Bacillus sp. (in: firmicutes)],Bacillus sp. (in: firmicutes),388,388,99%,2.00E-127,66.08%,692,HCF55537.1,Bacillota,Bacilli,Bacillales,,Bacillaceae,Bacillus
OTU74,AMP-binding protein [Brevibacillus sp. HB2.2],Brevibacillus sp. HB2.2,289,289,95%,5.00E-95,59.83%,241,WP_173607627.1,Bacillota,Bacilli,Bacillales,,Paenibacillaceae,Brevibacillus
OTU411,AMP-binding protein [Brevibacillus sp. HB2.2],Brevibacillus sp. HB2.2,241,241,90%,2.00E-76,60.56%,241,WP_173607627.1,Bacillota,Bacilli,Bacillales,,Paenibacillaceae,Brevibacillus
OTU217,non-ribosomal peptide synthetase [Tumebacillus algifaecis],Tumebacillus algifaecis,282,472,100%,7.00E-82,49.38%,2130,WP_094236593.1,Bacillota,Bacilli,Bacillales,,Alicyclobacillaceae,Tumebacillus
OTU119,non-ribosomal peptide synthetase [Tumebacillus avium],Tumebacillus avium,301,506,99%,1.00E-88,54.88%,2130,WP_087458201.1,Bacillota,Bacilli,Bacillales,,Alicyclobacillaceae,Tumebacillus
OTU384,non-ribosomal peptide synthetase [Tumebacillus avium],Tumebacillus avium,294,489,100%,2.00E-86,54.14%,2130,WP_087458201.,Bacillota,Bacilli,Bacillales,,Alicyclobacillaceae,Tumebacillus
OTU154,amino acid adenylation domain-containing protein [Bacillus cereus group sp. BfR-BA-01381],Bacillus cereus group sp. BfR-BA-01381,292,292,100%,2.00E-89,50.56%,804,WP_242293514.1,Bacillota,Bacilli,Bacillales,,Bacillaceae,Bacillus
OTU11,non-ribosomal peptide synthetase [Caldisericaceae bacterium],Caldisericaceae bacterium,300,300,99%,2.00E-93,51.27%,625,MCD6375864.1,Caldiserica,Caldisericia,Caldisericales,,Caldisericaceae,Caldisericaceae
OTU91,non-ribosomal peptide synthetase [Caldisericaceae bacterium],Caldisericaceae bacterium,309,309,100%,4.00E-97,50.16%,625,MCD6375864.1,Caldiserica,Caldisericia,Caldisericales,,Caldisericaceae,Caldisericaceae
OTU442,non-ribosomal peptide synthetase [Chlorobiaceae bacterium],Chlorobiaceae bacterium,315,315,100%,3.00E-101,54.87%,469,NTU97204.1,Chlorobi,Chlorobia,Chlorobiales,,Chlorobiaceae,
OTU232,amino acid adenylation domain-containing protein [Anaerolineae bacterium],Anaerolineae bacterium,389,389,100%,6.00E-123,64.26%,1137,MBL8166329.1,Chloroflexi,Anaerolineae,,,,
OTU284,TPA: amino acid adenylation domain-containing protein [Anaerolineae bacterium],Anaerolineae bacterium,357,357,100%,7.00E-115,59.49%,715,HIP97217.1,Chloroflexi,Anaerolineae,,,,
OTU121,amino acid adenylation domain-containing protein [Anaerolineales bacterium],Anaerolineales bacterium,359,359,100%,3.00E-111,57.45%,1165,MBE7553882.1,Chloroflexi,Anaerolineae,Anaerolineales,,,
OTU316,non-ribosomal peptide synthetase [Anaerolineales bacterium],Anaerolineales bacterium,311,311,99%,7.00E-100,54.69%,442,MCA9925378.1,Chloroflexi,Anaerolineae,Anaerolineales,,,
OTU168,amino acid adenylation domain-containing protein [Caldilineaceae bacterium],Caldilineaceae bacterium,375,375,100%,2.00E-115,66.79%,1695,MCL4862866.1,Chloroflexi,Caldilineae,Caldilineales,,Caldilineaceae,
OTU175,amino acid adenylation domain-containing protein [Caldilineaceae bacterium],Caldilineaceae bacterium,331,331,99%,9.00E-108,57.86%,471,MCB0090616.1,Chloroflexi,Caldilineae,Caldilineales,,Caldilineaceae,
OTU109,amino acid adenylation domain-containing protein [Ktedonobacteraceae bacterium],Ktedonobacteraceae bacterium,365,365,100%,2.00E-114,61.11%,1111,MBV9021801.1,Chloroflexi,Ktedonobacteria,Ktedonobacterales,,Ktedonobacteraceae,
OTU167,non-ribosomal peptide synthetase [Ktedonobacterales bacterium],Ktedonobacterales bacterium,317,317,100%,4.00E-102,55.63%,477,MBA3825535.1,Chloroflexi,Ktedonobacteria,Ktedonobacterales,,,
OTU319,non-ribosomal peptide synthetase [Ktedonobacterales bacterium],Ktedonobacterales bacterium,311,311,97%,5.00E-100,59.33%,477,MBA3825535.1,Chloroflexi,Ktedonobacteria,Ktedonobacterales,,,
OTU249,non-ribosomal peptide synthetase [Ktedonobacteria bacterium brp13],Ktedonobacteria bacterium brp13,166,267,96%,2.00E-42,53.09%,2557,BCL83203.1,Chloroflexi,Ktedonobacteria,,,,
OTU409,surfactin family lipopeptide synthetase A [Thermoflexales bacterium],Thermoflexales bacterium,270,480,100%,4.00E-80,73.33%,2202,CAG0936136.1,Chloroflexi,Thermoflexia,Thermoflexales,,,
OTU27,amino acid adenylation domain-containing protein [Chloroflexi bacterium],Chloroflexi bacterium,421,421,100%,2.00E-139,68.52%,739,MBV9787617.1,Chloroflexi,,,,,
OTU39,amino acid adenylation domain-containing protein [Chloroflexi bacterium],Chloroflexi bacterium,240,240,99%,7.00E-72,53.38%,550,NLG50392.1,Chloroflexi,,,,,
OTU51,amino acid adenylation domain-containing protein [Chloroflexi bacterium],Chloroflexi bacterium,294,294,99%,1.00E-90,60.98%,739,MBV9787617.1,Chloroflexi,,,,,
OTU54,amino acid adenylation domain-containing protein [Chloroflexi bacterium],Chloroflexi bacterium,410,410,99%,8.00E-131,66.13%,111300.00%,MBA2448198.1,Chloroflexi,,,,,
OTU68,amino acid adenylation domain-containing protein [Chloroflexi bacterium],Chloroflexi bacterium,327,327,96%,2.00E-100,62.69%,109100.00%,MBI3244199.1,Chloroflexi,,,,,
OTU114,amino acid adenylation domain-containing protein [Chloroflexi bacterium],Chloroflexi bacterium,318,318,99%,7.00E-97,62.54%,1113,MBA2448198.1,Chloroflexi,,,,,
OTU171,non-ribosomal peptide synthetase [Chloroflexi bacterium],Chloroflexi bacterium,340,340,99%,2.00E-108,60.84%,688,TMD51681.1,Chloroflexi,,,,,
OTU186,amino acid adenylation domain-containing protein [Chloroflexi bacterium],Chloroflexi bacterium,373,373,100%,6.00E-117,61.09%,1148,NWG15760.1,Chloroflexi,,,,,
OTU260,amino acid adenylation domain-containing protein [Chloroflexi bacterium],Chloroflexi bacterium,309,309,100%,5.00E-98,57.14%,553,NLG50900.1,Chloroflexi,,,,,
OTU271,amino acid adenylation domain-containing protein [Chloroflexi bacterium],Chloroflexi bacterium,315,315,94%,1.00E-98,61.36%,739,MBV9787617.1,Chloroflexi,,,,,
OTU299,amino acid adenylation domain-containing protein [Chloroflexi bacterium],Chloroflexi bacterium,293,293,99%,3.00E-88,62.23%,1091,MBI3244199.1,Chloroflexi,,,,,
OTU309,amino acid adenylation domain-containing protein [Chloroflexi bacterium],Chloroflexi bacterium,464,464,100%,1.00E-155,69.28%,73900.00%,MBV9787617.1,Chloroflexi,,,,,
OTU329,amino acid adenylation domain-containing protein [Chloroflexi bacterium],Chloroflexi bacterium,273,273,99%,2.00E-83,52.85%,643,RPI95625.1,Chloroflexi,,,,,
OTU430,amino acid adenylation domain-containing protein [Chloroflexi bacterium],Chloroflexi bacterium,288,288,99%,1.00E-84,50.87%,1503,NWJ45586.1,Chloroflexi,,,,,
OTU90,non-ribosomal peptide synthetase [Chloroflexi bacterium HGW-Chloroflexi-1],Chloroflexi bacterium HGW-Chloroflexi-1,402,402,100%,1.00E-127,65.12%,115200.00%,PKO23422.1,Chloroflexi,,,,,
OTU314,amino acid adenylation domain-containing protein [Chloroflexi bacterium TSY],Chloroflexi bacterium TSY,322,322,100%,8.00E-100,56.19%,875,MBV7340143.1,Chloroflexi,,,,,
OTU203,amino acid adenylation domain-containing protein [Coleofasciculus sp. FACHB-SPT9],Coleofasciculus sp. FACHB-SPT9,411,411,100%,2.00E-131,63.26%,1125,MBD1892519.1,Cyanobacteria,Oscillatoriophycideae,Oscillatoriales,,Coleofasciculaceae,Coleofasciculus
OTU250,non-ribosomal peptide synthetase [Microcoleus sp. FACHB-53],Microcoleus sp. FACHB-53,296,789,100%,1.00E-88,65.69%,3693,WP_190498819.1,Cyanobacteria,Oscillatoriophycideae,Oscillatoriales,,Microcoleaceae,Microcoleus
OTU257,non-ribosomal peptide synthetase [Microcoleus sp. FACHB-53],Microcoleus sp. FACHB-53,61.6,159,100%,3.00E-09,69.05%,3693,WP_190498819.1,Cyanobacteria,Oscillatoriophycideae,Oscillatoriales,,Microcoleaceae,Microcoleus
OTU301,non-ribosomal peptide synthetase [Microcoleus sp. FACHB-53],Microcoleus sp. FACHB-53,224,595,97%,9.00E-63,53.25%,3693,WP_190498819.1,Cyanobacteria,Oscillatoriophycideae,Oscillatoriales,,Microcoleaceae,Microcoleus
OTU162,non-ribosomal peptide synthetase [Microcoleus sp. FACHB-DQ6],Microcoleus sp. FACHB-DQ6,283,283,93%,4.00E-90,56.15%,383,MBD1813320.1,Cyanobacteria,Oscillatoriophycideae,Oscillatoriales,,Microcoleaceae,Microcoleus
OTU180,non-ribosomal peptide synthetase [Microcoleus sp. FACHB-DQ6],Microcoleus sp. FACHB-DQ6,191,191,98%,3.00E-56,56.97%,383,MBD1813320.1,Cyanobacteria,Oscillatoriophycideae,Oscillatoriales,,Microcoleaceae,Microcoleus
OTU227,non-ribosomal peptide synthetase [Microcoleus sp. FACHB-DQ6],Microcoleus sp. FACHB-DQ6,284,284,98%,2.00E-91,58.85%,383,MBD1813320.1,Cyanobacteria,Oscillatoriophycideae,Oscillatoriales,,Microcoleaceae,Microcoleus
OTU178,amino acid adenylation domain-containing protein [Microcoleus sp. FACHB-SPT15],Microcoleus sp. FACHB-SPT15,341,341,98%,4.00E-106,61.76%,1004,MBD1806833.1,Cyanobacteria,Oscillatoriophycideae,Oscillatoriales,,Microcoleaceae,Microcoleus
OTU397,amino acid adenylation domain-containing protein [Microcoleus sp. FACHB-SPT15],Microcoleus sp. FACHB-SPT15,340,340,99%,1.00E-105,60.07%,1004,MBD1806833.1,Cyanobacteria,Oscillatoriophycideae,Oscillatoriales,,Microcoleaceae,Microcoleus
OTU345,amino acid adenylation domain-containing protein [Microcoleus sp. T1-bin1],Microcoleus sp. T1-bin1,338,338,99%,7.00E-111,67.15%,458,MBD0310435.1,Cyanobacteria,Oscillatoriophycideae,Oscillatoriales,,Microcoleaceae,Microcoleus
OTU357,amino acid adenylation domain-containing protein [Microcoleus sp. T1-bin1],Microcoleus sp. T1-bin1,360,360,99%,1.00E-119,66.79%,458,MBD0310435.1,Cyanobacteria,Oscillatoriophycideae,Oscillatoriales,,Microcoleaceae,Microcoleus
OTU423,amino acid adenylation domain-containing protein [Microcoleus sp. T1-bin1],Microcoleus sp. T1-bin1,359,359,93%,6.00E-119,62.28%,458,MBD0310435.1,Cyanobacteria,Oscillatoriophycideae,Oscillatoriales,,Microcoleaceae,Microcoleus
OTU344,amino acid adenylation domain protein [Microcoleus vaginatus FGP-2],Microcoleus vaginatus FGP-2,383,383,100%,3.00E-119,66.30%,1424,EGK86184.1,Cyanobacteria,Oscillatoriophycideae,Oscillatoriales,,Microcoleaceae,Microcoleus
OTU2,non-ribosomal peptide synthetase [Microcystis aeruginosa SX13-01],Microcystis aeruginosa SX13-01,402,40200%,99%,7.00E-135,60.65%,498,NCR47145.1,Cyanobacteria,Oscillatoriophycideae,Chroococcales,,Microcystaceae,Microcystis
OTU3,non-ribosomal peptide synthetase [Microcystis aeruginosa SX13-01],Microcystis aeruginosa SX13-01,394,394,100%,5.00E-132,61.00%,498,NCR47145.1,Cyanobacteria,Oscillatoriophycideae,Chroococcales,,Microcystaceae,Microcystis
OTU139,non-ribosomal peptide synthetase [Microcystis aeruginosa SX13-01],Microcystis aeruginosa SX13-01,388,388,100%,2.00E-129,60.74%,498,NCR47145.1,Cyanobacteria,Oscillatoriophycideae,Chroococcales,,Microcystaceae,Microcystis
OTU428,non-ribosomal peptide synthetase [Microcystis aeruginosa SX13-01],Microcystis aeruginosa SX13-01,356,356,99%,4.00E-117,58.02%,498,NCR47145.1,Cyanobacteria,Oscillatoriophycideae,Chroococcales,,Microcystaceae,Microcystis
OTU416,non-ribosomal peptide synthetase [Microseira wollei],Microseira wollei,319,319,100%,4.00E-96,56.94%,1328,WP_226589810.1,Cyanobacteria,Oscillatoriophycideae,Oscillatoriales,,Oscillatoriales incertae sedis,Microseira
OTU31,non-ribosomal peptide synthetase [Moorena sp. SIO3E2],Moorena sp. SIO3E2,301,301,100%,6.00E-95,60.14%,552,NEQ17086.1,Cyanobacteria,Oscillatoriophycideae,Oscillatoriales,,Oscillatoriaceae,Moorena
OTU56,non-ribosomal peptide synthetase [Moorena sp. SIO3E2],Moorena sp. SIO3E2,362,362,100%,1.00E-118,58.05%,552,NEQ17086.1,Cyanobacteria,Oscillatoriophycideae,Oscillatoriales,,Oscillatoriaceae,Moorena
OTU77,non-ribosomal peptide synthetase [Moorena sp. SIO3E2],Moorena sp. SIO3E2,265,265,100%,3.00E-81,50.00%,552,NEQ17086.1,Cyanobacteria,Oscillatoriophycideae,Oscillatoriales,,Oscillatoriaceae,Moorena
OTU94,non-ribosomal peptide synthetase [Moorena sp. SIO3E2],Moorena sp. SIO3E2,276,27600%,100%,3.00E-87,73.84%,552,NEQ17086.1,Cyanobacteria,Oscillatoriophycideae,Oscillatoriales,,Oscillatoriaceae,Moorena
OTU99,non-ribosomal peptide synthetase [Moorena sp. SIO3E2],Moorena sp. SIO3E2,329,329,99%,3.00E-106,57.30%,55200.00%,NEQ17086.1,Cyanobacteria,Oscillatoriophycideae,Oscillatoriales,,Oscillatoriaceae,Moorena
OTU183,non-ribosomal peptide synthetase [Moorena sp. SIO3E2],Moorena sp. SIO3E2,347,347,99%,7.00E-113,59.18%,552,NEQ17086.1,Cyanobacteria,Oscillatoriophycideae,Oscillatoriales,,Oscillatoriaceae,Moorena
OTU196,non-ribosomal peptide synthetase [Moorena sp. SIO3E2],Moorena sp. SIO3E2,357,357,99%,7.00E-117,61.82%,552,NEQ17086.1,Cyanobacteria,Oscillatoriophycideae,Oscillatoriales,,Oscillatoriaceae,Moorena
OTU37,amino acid adenylation domain-containing protein [Moorena sp. SIO3G5],Moorena sp. SIO3G5,322,322,97%,6.00E-104,56.74%,476,NEO94599.1,Cyanobacteria,Oscillatoriophycideae,Oscillatoriales,,Oscillatoriaceae,Moorena
OTU159,amino acid adenylation domain-containing protein [Moorena sp. SIO3G5],Moorena sp. SIO3G5,324,324,99%,2.00E-105,57.36%,476,NEO94599.1,Cyanobacteria,Oscillatoriophycideae,Oscillatoriales,,Oscillatoriaceae,Moorena
OTU210,amino acid adenylation domain-containing protein [Moorena sp. SIO3G5],Moorena sp. SIO3G5,294,294,98%,2.00E-93,55.81%,476,NEO94599.1,Cyanobacteria,Oscillatoriophycideae,Oscillatoriales,,Oscillatoriaceae,Moorena
OTU237,amino acid adenylation domain-containing protein [Moorena sp. SIO3G5],Moorena sp. SIO3G5,350,350,100%,4.00E-115,61.94%,476,NEO94599.1,Cyanobacteria,Oscillatoriophycideae,Oscillatoriales,,Oscillatoriaceae,Moorena
OTU261,amino acid adenylation domain-containing protein [Moorena sp. SIO3G5],Moorena sp. SIO3G5,318,318,100%,1.00E-102,55.36%,476,NEO94599.1,Cyanobacteria,Oscillatoriophycideae,Oscillatoriales,,Oscillatoriaceae,Moorena
OTU306,amino acid adenylation domain-containing protein [Moorena sp. SIO3G5],Moorena sp. SIO3G5,351,351,96%,4.00E-115,56.42%,476,NEO94599.1,Cyanobacteria,Oscillatoriophycideae,Oscillatoriales,,Oscillatoriaceae,Moorena
OTU418,amino acid adenylation domain-containing protein [Moorena sp. SIO3G5],Moorena sp. SIO3G5,307,307,100%,2.00E-98,57.91%,476,NEO94599.1,Cyanobacteria,Oscillatoriophycideae,Oscillatoriales,,Oscillatoriaceae,Moorena
OTU151,amino acid adenylation domain-containing protein [Moorena sp. SIO3H5],Moorena sp. SIO3H5,285,285,100%,2.00E-84,52.54%,1191,NEO70809.1,Cyanobacteria,Oscillatoriophycideae,Oscillatoriales,,Oscillatoriaceae,Moorena
OTU412,amino acid adenylation domain-containing protein [Moorena sp. SIO3H5],Moorena sp. SIO3H5,295,295,95%,7.00E-91,51.58%,702,NEO70810.1,Cyanobacteria,Oscillatoriophycideae,Oscillatoriales,,Oscillatoriaceae,Moorena
OTU296,non-ribosomal peptide synthetase [Moorena sp. SIO3I6],Moorena sp. SIO3I6,311,311,98%,4.00E-98,54.33%,602,NEP28402.1,Cyanobacteria,Oscillatoriophycideae,Oscillatoriales,,Oscillatoriaceae,Moorena
OTU331,non-ribosomal peptide synthetase [Moorena sp. SIO3I6],Moorena sp. SIO3I6,329,329,99%,2.00E-105,57.93%,602,NEP28402.1,Cyanobacteria,Oscillatoriophycideae,Oscillatoriales,,Oscillatoriaceae,Moorena
OTU79,non-ribosomal peptide synthetase [Moorena sp. SIO3I7],Moorena sp. SIO3I7,288,288,98%,5.00E-89,55.38%,657,NEN99513.1,Cyanobacteria,Oscillatoriophycideae,Oscillatoriales,,Oscillatoriaceae,Moorena
OTU83,amino acid adenylation domain-containing protein [Moorena sp. SIO4A3],Moorena sp. SIO4A3,306,306,99%,6.00E-91,51.02%,141300.00%,NEO46359.1,Cyanobacteria,Oscillatoriophycideae,Oscillatoriales,,Oscillatoriaceae,Moorena
OTU205,amino acid adenylation domain-containing protein [Plectonema radiosum],Plectonema radiosum,323,536,100%,2.00E-96,58.70%,2612,WP_263743504.1,Cyanobacteria,Oscillatoriophycideae,Oscillatoriales,,Oscillatoriaceae,Plectonema
OTU264,amino acid adenylation domain-containing protein [Symploca sp. SIO1C4],Symploca sp. SIO1C4,367,367,100%,1.00E-113,64.71%,1309,NER29712.1,Cyanobacteria,Oscillatoriophycideae,Oscillatoriales,,Microcoleaceae,Symploca
OTU429,amino acid adenylation domain-containing protein [Symploca sp. SIO1C4],Symploca sp. SIO1C4,323,323,98%,7.00E-100,58.25%,908,NER31644.1,Cyanobacteria,Oscillatoriophycideae,Oscillatoriales,,Microcoleaceae,Symploca
OTU256,non-ribosomal peptide synthetase [unclassified Coleofasciculus],unclassified Coleofasciculus,427,427,100%,2.00E-137,66.01%,1132,WP_193873103.1,Cyanobacteria,Oscillatoriophycideae,Oscillatoriales,,Coleofasciculaceae,Coleofasciculus
OTU303,non-ribosomal peptide synthetase [unclassified Coleofasciculus],unclassified Coleofasciculus,425,425,100%,8.00E-137,65.90%,1132,WP_193873103.1,Cyanobacteria,Oscillatoriophycideae,Oscillatoriales,,Coleofasciculaceae,Coleofasciculus
OTU33,amino acid adenylation domain-containing protein [Chroococcidiopsidaceae cyanobacterium CP_BM_ER_R8_30],Chroococcidiopsidaceae cyanobacterium CP_BM_ER_R8_30,369,369,99%,1.00E-115,63.12%,1125,MBV9385234.1,Cyanobacteria,Cyanophyceae,Chroococcidiopsidales,,Chroococcidiopsidaceae,
OTU57,amino acid adenylation domain-containing protein [Chroococcidiopsidaceae cyanobacterium CP_BM_ER_R8_30],Chroococcidiopsidaceae cyanobacterium CP_BM_ER_R8_30,351,351,100%,2.00E-109,64.26%,1036,MBV9385322.1,Cyanobacteria,Cyanophyceae,Chroococcidiopsidales,,Chroococcidiopsidaceae,
OTU137,amino acid adenylation domain-containing protein [Chroococcidiopsidaceae cyanobacterium CP_BM_ER_R8_30],Chroococcidiopsidaceae cyanobacterium CP_BM_ER_R8_30,342,342,99%,4.00E-106,63.64%,1036,MBV9385322.1,Cyanobacteria,Cyanophyceae,Chroococcidiopsidales,,Chroococcidiopsidaceae,
OTU347,non-ribosomal peptide synthetase [Chroococcidiopsis thermalis],Chroococcidiopsis thermalis,319,319,99%,1.00E-95,58.16%,1537,WP_015155703.1,Cyanobacteria,Cyanophyceae,Chroococcidiopsidales,,Chroococcidiopsidaceae,Chroococcidiopsis
OTU13,amino acid adenylation domain-containing protein [Anabaena sp. 49633_E8],Anabaena sp. 49633_E8,401,401,99%,8.00E-135,63.79%,474,MCE2699813.1,Cyanobacteria,Cyanophyceae,Nostocales,,Nostocaceae,Anabaena
OTU153,non-ribosomal peptide synthetase [Brasilonema],Brasilonema,284,284,99%,2.00E-83,58.02%,1805,WP_169265649.1,Cyanobacteria,Cyanophyceae,Nostocales,,Scytonemataceae,Brasilonema
OTU179,amino acid adenylation domain-containing protein [Brasilonema sp. CT11],Brasilonema sp. CT11,263,396,99%,8.00E-76,49.64%,2478,WP_210612937.1,Cyanobacteria,Cyanophyceae,Nostocales,,Scytonemataceae,Brasilonema
OTU158,non-ribosomal peptide synthetase [Fischerella sp. PCC 9339],Fischerella sp. PCC 9339,318,318,98%,7.00E-98,59.16%,946,WP_017307866.1,Cyanobacteria,Cyanophyceae,Nostocales,,Hapalosiphonaceae,Fischerella
OTU52,non-ribosomal peptide synthetase [Fischerella thermalis CCMEE 5319],Fischerella thermalis CCMEE 5319,369,369,97%,1.00E-122,64.04%,438,PMB18189.1,Cyanobacteria,Cyanophyceae,Nostocales,,Hapalosiphonaceae,Fischerella
OTU308,non-ribosomal peptide synthetase [Hapalosiphonaceae cyanobacterium JJU2],Hapalosiphonaceae cyanobacterium JJU2,261,471,98%,1.00E-75,53.09%,2601,RAM49068.1,Cyanobacteria,Cyanophyceae,Nostocales,,Hapalosiphonaceae,
OTU24,microcystin synthetase B [Nostoc commune HK-02],Nostoc commune HK-02,347,347,100%,2.00E-115,67.08%,413,BBD63729.1,Cyanobacteria,Cyanophyceae,Nostocales,,Nostocaceae,Nostoc
OTU244,microcystin synthetase B [Nostoc commune HK-02],Nostoc commune HK-02,325,325,100%,2.00E-106,57.93%,413,BBD63729.1,Cyanobacteria,Cyanophyceae,Nostocales,,Nostocaceae,Nostoc
OTU334,non-ribosomal peptide synthase/polyketide synthase [Nostoc sp. FACHB-110],Nostoc sp. FACHB-110,226,1246,97%,2.00E-64,66.47%,6902,WP_190690806.1,Cyanobacteria,Cyanophyceae,Nostocales,,Nostocaceae,Nostoc
OTU50,non-ribosomal peptide synthetase [Nostoc sp. 'Lobaria pulmonaria (5183) cyanobiont'],Nostoc sp. 'Lobaria pulmonaria (5183) cyanobiont',298,298,100%,3.00E-88,61.75%,1776,WP_104904832.1,Cyanobacteria,Cyanophyceae,Nostocales,,Nostocaceae,Nostoc
OTU165,non-ribosomal peptide synthetase [Nostoc sp. NIES-4103],Nostoc sp. NIES-4103,327,327,100%,9.00E-106,54.35%,531,WP_096555093.1,Cyanobacteria,Cyanophyceae,Nostocales,,Nostocaceae,Nostoc
OTU426,non-ribosomal peptide synthetase [Nostoc sp. NIES-4103],Nostoc sp. NIES-4103,355,355,100%,1.00E-110,58.19%,1073,WP_096559392.1,Cyanobacteria,Cyanophyceae,Nostocales,,Nostocaceae,Nostoc
OTU438,non-ribosomal peptide synthase/polyketide synthase [Nostoc sp. TH1S01],Nostoc sp. TH1S01,77.8,329,100%,1.00E-14,62.50%,6133,MBU7585508.1,Cyanobacteria,Cyanophyceae,Nostocales,,Nostocaceae,Nostoc
OTU95,non-ribosomal peptide synthase/polyketide synthase [Nostoc sp. WHI],Nostoc sp. WHI,103,442,100%,8.00E-23,48.15%,6237,WP_196515306.1,Cyanobacteria,Cyanophyceae,Nostocales,,Nostocaceae,Nostoc
OTU359,non-ribosomal peptide synthetase [Nostoc sp. WHI],Nostoc sp. WHI,332,332,99%,5.00E-102,58.18%,1096,WP_196515963.1,Cyanobacteria,Cyanophyceae,Nostocales,,Nostocaceae,Nostoc
OTU86,amino acid adenylation domain-containing protein [Nostocaceae cyanobacterium],Nostocaceae cyanobacterium,382,382,99%,4.00E-127,60.47%,48300.00%,MBA3924058.1,Cyanobacteria,Cyanophyceae,Nostocales,,Nostocaceae,
OTU161,non-ribosomal peptide synthetase [Richelia sp. SM1_7_0],Richelia sp. SM1_7_0,264,264,99%,6.00E-82,52.71%,451,NJM19924.1,Cyanobacteria,Cyanophyceae,Nostocales,,Nostocaceae,Richelia
OTU15,non-ribosomal peptide synthetase [Scytonema sp. F18],Scytonema sp. F18,302,302,98%,1.00E-94,56.23%,637,AUZ99713.1,Cyanobacteria,Cyanophyceae,Nostocales,,Scytonemataceae,Scytonema
OTU193,non-ribosomal peptide synthetase [Scytonema sp. F18],Scytonema sp. F18,330,330,100%,2.00E-105,60.90%,637,AUZ99713.1,Cyanobacteria,Cyanophyceae,Nostocales,,Scytonemataceae,Scytonema
OTU115,non-ribosomal peptide synthetase [Scytonema sp. NIES-4073],Scytonema sp. NIES-4073,226,226,100%,4.00E-65,68.12%,1162,WP_096562235.1,Cyanobacteria,Cyanophyceae,Nostocales,,Scytonemataceae,Scytonema
OTU238,non-ribosomal peptide synthetase [Scytonema sp. NIES-4073],Scytonema sp. NIES-4073,274,274,89%,1.00E-79,55.34%,1962,WP_096561004.1,Cyanobacteria,Cyanophyceae,Nostocales,,Scytonemataceae,Scytonema
OTU274,non-ribosomal peptide synthetase [Scytonema sp. RU_4_4],Scytonema sp. RU_4_4,327,327,100%,2.00E-104,55.28%,601,NJM70750.1,Cyanobacteria,Cyanophyceae,Nostocales,,Scytonemataceae,Scytonema
OTU113,amino acid adenylation domain-containing protein [Scytonematopsis contorta HA4267-MV1],Scytonematopsis contorta HA4267-MV1,363,363,99%,4.00E-120,59.54%,451,MBW4511490.1,Cyanobacteria,Cyanophyceae,Nostocales,,Scytonemataceae,Scytonematopsis
OTU192,amino acid adenylation domain-containing protein [Scytonematopsis contorta HA4267-MV1],Scytonematopsis contorta HA4267-MV1,360,570,99%,2.00E-109,61.06%,3098,MBW4507955.1,Cyanobacteria,Cyanophyceae,Nostocales,,Scytonemataceae,Scytonematopsis
OTU69,non-ribosomal peptide synthase/polyketide synthase [Tolypothrix bouteillei],Tolypothrix bouteillei,323,884,97%,1.00E-96,63.64%,4170,WP_167844606.1,Cyanobacteria,Cyanophyceae,Nostocales,,Tolypothrichaceae,Tolypothrix
OTU341,non-ribosomal peptide synthetase [Tolypothrix bouteillei],Tolypothrix bouteillei,309,309,99%,1.00E-91,55.41%,1976,WP_167844608.1,Cyanobacteria,Cyanophyceae,Nostocales,,Tolypothrichaceae,Tolypothrix
OTU246,amino acid adenylation domain-containing protein [Trichormus sp. ATA11-4-KO1],Trichormus sp. ATA11-4-KO1,299,299,99%,1.00E-91,52.16%,827,MBW4558237.1,Cyanobacteria,Cyanophyceae,Nostocales,,Nostocaceae,Trichormus
OTU17,non-ribosomal peptide synthetase [Trichormus variabilis],Trichormus variabilis,475,475,100%,1.00E-154,69.16%,1217,WP_185478802.1,Cyanobacteria,Cyanophyceae,Nostocales,,Nostocaceae,Trichormus
OTU7,Non-ribosomal peptide synthase [Trichormus variabilis ATCC 29413],Trichormus variabilis ATCC 29413,411,411,100%,3.00E-127,64.21%,2033,ABA23700.1,Cyanobacteria,Cyanophyceae,Nostocales,,Nostocaceae,Trichormus
OTU267,amino acid adenylation domain-containing protein [unclassified Calothrix],unclassified Calothrix,387,387,98%,2.00E-122,64.16%,1135,WP_096684328.1,Cyanobacteria,Cyanophyceae,Nostocales,,Calotrichaceae,Calothrix
OTU85,non-ribosomal peptide synthetase [unclassified Tolypothrix],unclassified Tolypothrix,396,396,99%,4.00E-126,65.77%,1071,WP_045872205.1,Cyanobacteria,Cyanophyceae,Nostocales,,Tolypothrichaceae,Tolypothrix
OTU5,non-ribosomal peptide synthetase [Acidobacteria bacterium],Acidobacteria bacterium,457,457,99%,1.00E-149,71.01%,1050,PYV41544.1,Cyanobacteria,Cyanophyceae,Nostocales,,Nostocaceae,Anabaena
OTU431,non-ribosomal peptide synthetase [Amazonocrinis nigriterrae],Amazonocrinis nigriterrae,387,387,100%,8.00E-121,61.38%,1386,WP_198122985.1,Cyanobacteria,Cyanophyceae,Nostocales,,Nostocaceae,Amazonocrinis
OTU375,amino acid adenylation domain-containing protein [Anabaena sp. 49633_E8],Anabaena sp. 49633_E8,385,385,100%,3.00E-129,65.23%,474,MCE2699813.1,Cyanobacteria,Cyanophyceae,Nostocales,,Nostocaceae,Anabaena
OTU288,non-ribosomal peptide synthetase [Calothrix rhizosoleniae],Calothrix rhizosoleniae,388,388,100%,2.00E-129,62.59%,513,WP_143288258.1,Cyanobacteria,Cyanophyceae,Nostocales,,Calotrichaceae,Calothrix
OTU439,non-ribosomal peptide synthetase [Calothrix rhizosoleniae],Calothrix rhizosoleniae,412,412,100%,5.00E-139,64.53%,513,WP_143288258.1,Cyanobacteria,Cyanophyceae,Nostocales,,Calotrichaceae,Calothrix
OTU425,amino acid adenylation domain-containing protein [Cylindrospermum sp. NIES-4074],Cylindrospermum sp. NIES-4074,355,355,99%,2.00E-110,60.14%,1091,BAZ33984.1,Cyanobacteria,Cyanophyceae,Nostocales,,Nostocaceae,Cylindrospermum
OTU273,non-ribosomal peptide synthetase [Cylindrospermum stagnale],Cylindrospermum stagnale,365,365,99%,5.00E-112,63.21%,1536,WP_015207064.1,Cyanobacteria,Cyanophyceae,Nostocales,,Nostocaceae,Cylindrospermum
OTU364,amino acid adenylation domain-containing protein [Dolichospermum sp.],Dolichospermum sp.,378,378,99%,9.00E-125,60.59%,543,MBJ7298306.1,Cyanobacteria,Cyanophyceae,Nostocales,,Aphanizomenonaceae,Dolichospermum
OTU436,amino acid adenylation domain-containing protein [Gloeotrichia echinulata DEX184],Gloeotrichia echinulata DEX184,72.4,190,100%,6.00E-13,65.31%,3689,MCM0589641.1,Cyanobacteria,Cyanophyceae,Nostocales,,Gloeotrichiaceae,Gloeotrichia
OTU253,amino acid adenylation domain protein [Gemmatirosa kalamazoonensis],Gemmatirosa kalamazoonensis,276,276,94%,4.00E-81,64.11%,1204,AHG93597.1,Gemmatimonadetes,Gemmatimonadetes,Gemmatimonadales,,Gemmatimonadaceae,Gemmatirosa
OTU312,amino acid adenylation domain-containing protein [Gemmatirosa sp.],Gemmatirosa sp.,303,303,96%,2.00E-90,63.33%,1435,MBV9878883.1,Gemmatimonadetes,Gemmatimonadetes,Gemmatimonadales,,Gemmatimonadaceae,Gemmatirosa
OTU120,non-ribosomal peptide synthetase [Longimicrobium terrae],Longimicrobium terrae,419,673,100%,3.00E-130,72.95%,2155,WP_170040263.1,Gemmatimonadetes,Longimicrobia,Longimicrobiales,,Longimicrobiaceae,Longimicrobium
OTU135,amino acid adenylation domain-containing protein [Longimicrobium terrae],Longimicrobium terrae,462,934,100%,6.00E-145,76.85%,3555,MBB4636055.1,Gemmatimonadetes,Longimicrobia,Longimicrobiales,,Longimicrobiaceae,Longimicrobium
OTU453,non-ribosomal peptide synthetase [Longimicrobium terrae],Longimicrobium terrae,296,482,93%,5.00E-88,72.02%,2155,WP_170040263.1,Gemmatimonadetes,Longimicrobia,Longimicrobiales,,Longimicrobiaceae,Longimicrobium
OTU34,non-ribosomal peptide synthetase [Gemmatimonadetes bacterium],Gemmatimonadetes bacterium,397,762,99%,1.00E-122,78.07%,3063,PYP36040.1,Gemmatimonadetes,,,,,
OTU87,non-ribosomal peptide synthetase [Gemmatimonadetes bacterium],Gemmatimonadetes bacterium,424,783,100%,5.00E-132,75.90%,306300.00%,PYP36040.1,Gemmatimonadetes,,,,,
OTU219,non-ribosomal peptide synthetase [Gemmatimonadetes bacterium],Gemmatimonadetes bacterium,325,325,99%,5.00E-102,67.30%,799,PYP43460.1,Gemmatimonadetes,,,,,
OTU327,amino acid adenylation domain-containing protein [Gemmatimonadetes bacterium],Gemmatimonadetes bacterium,405,601,100%,2.00E-125,71.64%,2422,MBW8770258.1,Gemmatimonadetes,,,,,
OTU332,amino acid adenylation domain-containing protein [Gemmatimonadetes bacterium],Gemmatimonadetes bacterium,313,447,100%,2.00E-93,63.33%,1907,MBI3789502.1,Gemmatimonadetes,,,,,
OTU215,amino acid adenylation domain-containing protein [Victivallales bacterium],Victivallales bacterium,313,313,96%,6.00E-96,63.16%,948,MBT7164605.1,Lentisphaerae,Lentisphaeria,Victivallales,,,
OTU187,amino acid adenylation domain-containing protein [Phycisphaerae bacterium],Phycisphaerae bacterium,223,223,99%,1.00E-62,53.28%,1397,MBC8086500.1,Planctomycetota,Phycisphaerae,,,,
OTU128,amino acid adenylation domain-containing protein [Planctomycetota bacterium],Planctomycetota bacterium,311,494,99%,2.00E-92,52.76%,2338,MBM4090487.1,Planctomycetota,,,,,
OTU181,non-ribosomal peptide synthetase [Alphaproteobacteria bacterium],Alphaproteobacteria bacterium,379,379,100%,7.00E-118,63.55%,1245,TMJ30096.1,Pseudomonadota,Alphaproteobacteria,,,,
OTU81,amino acid adenylation domain-containing protein [Altererythrobacter sp.],Altererythrobacter sp.,343,343,100%,6.00E-109,60.82%,75800.00%,NNF93561.1,Pseudomonadota,Alphaproteobacteria,Sphingomonadales,,Erythrobacteraceae,Altererythrobacter
OTU170,amino acid adenylation domain-containing protein [Bradyrhizobium cenepequi],Bradyrhizobium cenepequi,275,275,98%,2.00E-85,63.31%,499,WP_225709728.1,Pseudomonadota,Alphaproteobacteria,Hyphomicrobiales,,Nitrobacteraceae,Bradyrhizobium
OTU157,amino acid adenylation domain-containing protein [Bradyrhizobium denitrificans],Bradyrhizobium denitrificans,342,342,100%,3.00E-109,63.82%,695,WP_246579817.1,Pseudomonadota,Alphaproteobacteria,Hyphomicrobiales,,Nitrobacteraceae,Bradyrhizobium
OTU398,amino acid adenylation domain-containing protein [Bradyrhizobium denitrificans],Bradyrhizobium denitrificans,334,334,93%,4.00E-106,62.77%,695,WP_246579817.1,Pseudomonadota,Alphaproteobacteria,Hyphomicrobiales,,Nitrobacteraceae,Bradyrhizobium
OTU266,non-ribosomal peptide synthetase [Bradyrhizobium erythrophlei],Bradyrhizobium erythrophlei,315,590,95%,1.00E-93,59.12%,2500,WP_197689230.1,Pseudomonadota,Alphaproteobacteria,Hyphomicrobiales,,Nitrobacteraceae,Bradyrhizobium
OTU371,non-ribosomal peptide synthetase [Bradyrhizobium erythrophlei],Bradyrhizobium erythrophlei,325,607,99%,3.00E-97,61.23%,2500,WP_197689230.1,Pseudomonadota,Alphaproteobacteria,Hyphomicrobiales,,Nitrobacteraceae,Bradyrhizobium
OTU147,amino acid adenylation domain-containing protein [Bradyrhizobium liaoningense],Bradyrhizobium liaoningense,369,369,99%,7.00E-119,65.61%,760,WP_212491424.1,Pseudomonadota,Alphaproteobacteria,Hyphomicrobiales,,Nitrobacteraceae,Bradyrhizobium
OTU300,amino acid adenylation domain-containing protein [Bradyrhizobium manausense],Bradyrhizobium manausense,322,322,93%,6.00E-104,69.07%,520,WP_157083514.1,Pseudomonadota,Alphaproteobacteria,Hyphomicrobiales,,Nitrobacteraceae,Bradyrhizobium
OTU434,non-ribosomal peptide synthase/polyketide synthase [Bradyrhizobium oligotrophicum],Bradyrhizobium oligotrophicum,314,2732,96%,6.00E-93,54.55%,12364,WP_244440789.1,Pseudomonadota,Alphaproteobacteria,Hyphomicrobiales,,Nitrobacteraceae,Bradyrhizobium
OTU446,amino acid adenylation domain-containing protein [Bradyrhizobium retamae],Bradyrhizobium retamae,268,268,100%,3.00E-82,60.29%,557,WP_156433638.1,Pseudomonadota,Alphaproteobacteria,Hyphomicrobiales,,Nitrobacteraceae,Bradyrhizobium
OTU59,non-ribosomal peptide synthetase [Bradyrhizobium sp.],Bradyrhizobium sp.,384,384,100%,4.00E-128,73.49%,475,MBW8855430.1,Pseudomonadota,Alphaproteobacteria,Hyphomicrobiales,,Nitrobacteraceae,Bradyrhizobium
OTU155,non-ribosomal peptide synthetase [Bradyrhizobium sp.],Bradyrhizobium sp.,322,322,92%,4.00E-105,81.82%,475,MBW8855430.1,Pseudomonadota,Alphaproteobacteria,Hyphomicrobiales,,Nitrobacteraceae,Bradyrhizobium
OTU172,non-ribosomal peptide synthetase [Bradyrhizobium sp.],Bradyrhizobium sp.,305,305,81%,7.00E-98,80.27%,475,MBW8855430.1,Pseudomonadota,Alphaproteobacteria,Hyphomicrobiales,,Nitrobacteraceae,Bradyrhizobium
OTU235,non-ribosomal peptide synthetase [Bradyrhizobium sp.],Bradyrhizobium sp.,377,377,98%,7.00E-126,74.91%,475,MBW8855430.1,Pseudomonadota,Alphaproteobacteria,Hyphomicrobiales,,Nitrobacteraceae,Bradyrhizobium
OTU295,non-ribosomal peptide synthetase [Bradyrhizobium sp.],Bradyrhizobium sp.,381,381,100%,3.00E-127,73.04%,475,MBW8855430.1,Pseudomonadota,Alphaproteobacteria,Hyphomicrobiales,,Nitrobacteraceae,Bradyrhizobium
OTU305,non-ribosomal peptide synthetase [Bradyrhizobium sp.],Bradyrhizobium sp.,247,247,98%,1.00E-76,76.57%,475,MBW8855430.1,Pseudomonadota,Alphaproteobacteria,Hyphomicrobiales,,Nitrobacteraceae,Bradyrhizobium
OTU202,amino acid adenylation domain-containing protein [Bradyrhizobium sp. LMG 8443],Bradyrhizobium sp. LMG 8443,380,828,99%,1.00E-120,62.86%,961,WP_246705836.1,Pseudomonadota,Alphaproteobacteria,Hyphomicrobiales,,Nitrobacteraceae,Bradyrhizobium
OTU358,non-ribosomal peptide synthetase [Mesorhizobium intechi],Mesorhizobium intechi,335,591,100%,6.00E-101,65.37%,2145,WP_143974324.1,Pseudomonadota,Alphaproteobacteria,Hyphomicrobiales,,Phyllobacteriaceae,Mesorhizobium
OTU387,non-ribosomal peptide synthetase [Mesorhizobium intechi],Mesorhizobium intechi,356,623,100%,3.00E-108,62.68%,2145,WP_143974324.1,Pseudomonadota,Alphaproteobacteria,Hyphomicrobiales,,Phyllobacteriaceae,Mesorhizobium
OTU255,amino acid adenylation domain-containing protein [Rhizobium leguminosarum],Rhizobium leguminosarum,395,395,100%,7.00E-132,67.99%,545,WP_130801715.1,Pseudomonadota,Alphaproteobacteria,Hyphomicrobiales,,Rhizobiaceae,Rhizobium
OTU441,amino acid adenylation domain-containing protein [Rhizobium sp. 007],Rhizobium sp. 007,359,359,99%,1.00E-113,61.49%,891,WP_246763549.1,Pseudomonadota,Alphaproteobacteria,Hyphomicrobiales,,Rhizobiaceae,Rhizobium
OTU76,non-ribosomal peptide synthetase [Rhodoplanes sp. Z2-YC6860],Rhodoplanes sp. Z2-YC6860,357,2274,100%,1.00E-108,70.44%,10376,AMN40743.1,Pseudomonadota,Alphaproteobacteria,Hyphomicrobiales,,Hyphomicrobiaceae,Rhodoplanes
OTU92,non-ribosomal peptide synthase/polyketide synthase [Rhodoplanes sp. Z2-YC6860],Rhodoplanes sp. Z2-YC6860,331,2062,100%,3.00E-99,70.53%,1036900.00%,WP_198164882.1,Pseudomonadota,Alphaproteobacteria,Hyphomicrobiales,,Hyphomicrobiaceae,Rhodoplanes
OTU108,non-ribosomal peptide synthase/polyketide synthase [Rhodoplanes sp. Z2-YC6860],Rhodoplanes sp. Z2-YC6860,372,2279,100%,4.00E-114,72.76%,10369,WP_198164882.1,Pseudomonadota,Alphaproteobacteria,Hyphomicrobiales,,Hyphomicrobiaceae,Rhodoplanes
OTU272,non-ribosomal peptide synthase/polyketide synthase [Rhodoplanes sp. Z2-YC6860],Rhodoplanes sp. Z2-YC6860,372,2119,100%,7.00E-114,74.29%,10369,WP_198164882.1,Pseudomonadota,Alphaproteobacteria,Hyphomicrobiales,,Hyphomicrobiaceae,Rhodoplanes
OTU374,non-ribosomal peptide synthase/polyketide synthase [Rhodoplanes sp. Z2-YC6860],Rhodoplanes sp. Z2-YC6860,356,2235,98%,3.00E-108,71.06%,10369,WP_198164882.1,Pseudomonadota,Alphaproteobacteria,Hyphomicrobiales,,Hyphomicrobiaceae,Rhodoplanes
OTU444,non-ribosomal peptide synthase/polyketide synthase [Rhodoplanes sp. Z2-YC6860],Rhodoplanes sp. Z2-YC6860,336,2005,100%,2.00E-101,71.75%,10369,WP_198164882.1,Pseudomonadota,Alphaproteobacteria,Hyphomicrobiales,,Hyphomicrobiaceae,Rhodoplanes
OTU447,non-ribosomal peptide synthase/polyketide synthase [Rhodoplanes sp. Z2-YC6860],Rhodoplanes sp. Z2-YC6860,370,2229,100%,5.00E-113,71.79%,10369,WP_198164882.1,Pseudomonadota,Alphaproteobacteria,Hyphomicrobiales,,Hyphomicrobiaceae,Rhodoplanes
OTU248,amino acid adenylation domain-containing protein [Sphingomonas gei],Sphingomonas gei,385,385,100%,1.00E-125,76.30%,773,WP_135965713.1,Pseudomonadota,Alphaproteobacteria,Sphingomonadales,,Sphingomonadaceae,Sphingomonas
OTU290,amino acid adenylation domain-containing protein [Sphingomonas gei],Sphingomonas gei,325,325,100%,1.00E-101,66.45%,773,WP_135965713.1,Pseudomonadota,Alphaproteobacteria,Sphingomonadales,,Sphingomonadaceae,Sphingomonas
OTU70,non-ribosomal peptide synthetase [Albitalea terrae],Albitalea terrae,386,386,95%,7.00E-131,70.70%,372,WP_161974811.1,Pseudomonadota,Betaproteobacteria,Burkholderiales,,Comamonadaceae,Albitalea
OTU98,non-ribosomal peptide synthetase [Albitalea terrae],Albitalea terrae,132,308,100%,5.00E-33,66.67%,4145,WP_124543135.1,Pseudomonadota,Betaproteobacteria,Burkholderiales,,Comamonadaceae,Albitalea
OTU216,non-ribosomal peptide synthetase [Albitalea terrae],Albitalea terrae,133,133,100%,6.00E-35,70.97%,372,WP_161974811.1,Pseudomonadota,Betaproteobacteria,Burkholderiales,,Comamonadaceae,Albitalea
OTU443,AMP-binding protein [Andreprevotia sp. IGB-42],Andreprevotia sp. IGB-42,301,301,100%,6.00E-97,59.42%,370,WP_159675655.1,Pseudomonadota,Betaproteobacteria,Neisseriales,,Chromobacteriaceae,Andreprevotia
OTU44,AMP-binding protein [Betaproteobacteria bacterium],Betaproteobacteria bacterium,184,184,100%,4.00E-51,60.54%,68500.00%,MBK6394565.1,Pseudomonadota,Betaproteobacteria,,,,
OTU72,AMP-binding protein [Burkholderia gladioli],Burkholderia gladioli,74.7,74.7,74%,5.00E-15,78.72%,134,WP_186159404.1,Pseudomonadota,Betaproteobacteria,Burkholderiales,,Burkholderiaceae,Burkholderia
OTU276,amino acid adenylation domain-containing protein [Burkholderia sp. E168m30],Burkholderia sp. E168m30,298,298,97%,1.00E-95,49.68%,371,WP_201320211.1,Pseudomonadota,Betaproteobacteria,Burkholderiales,,Burkholderiaceae,Burkholderia
OTU204,non-ribosomal peptide synthetase [Burkholderia sp. Se-20378],Burkholderia sp. Se-20378,337,337,98%,2.00E-103,60.54%,1116,WP_206135239.1,Pseudomonadota,Betaproteobacteria,Burkholderiales,,Burkholderiaceae,Burkholderia
OTU82,amino acid adenylation domain-containing protein [Burkholderia ubonensis],Burkholderia ubonensis,334,334,100%,9.00E-108,57.86%,557,WP_157657133.1,Pseudomonadota,Betaproteobacteria,Burkholderiales,,Burkholderiaceae,Burkholderia
OTU19,amino acid adenylation domain-containing protein [Burkholderiaceae bacterium FT117],Burkholderiaceae bacterium FT117,343,343,100%,8.00E-105,61.76%,1381,MCM5570800.1,Pseudomonadota,Betaproteobacteria,Burkholderiales,,Burkholderiaceae,Burkholderiaceae
OTU66,enterobactin synthetase component F [Burkholderiales bacterium],Burkholderiales bacterium,345,345,97%,2.00E-105,63.83%,1297,CAG0974790.1,Pseudomonadota,Betaproteobacteria,Burkholderiales,,,
OTU302,amino acid adenylation domain-containing protein [Burkholderiales bacterium],Burkholderiales bacterium,347,347,98%,3.00E-110,62.06%,735,MBW8843383.1,Pseudomonadota,Betaproteobacteria,Burkholderiales,,,
OTU417,amino acid adenylation domain-containing protein [Burkholderiales bacterium],Burkholderiales bacterium,369,617,100%,6.00E-114,64.01%,1454,MBW8843399.1,Pseudomonadota,Betaproteobacteria,Burkholderiales,,,
OTU67,amino acid adenylation domain-containing protein [Collimonas pratensis],Collimonas pratensis,427,427,99%,8.00E-140,68.34%,88400.00%,WP_257722467.1,Pseudomonadota,Betaproteobacteria,Burkholderiales,,Oxalobacteraceae,Collimonas
OTU320,non-ribosomal peptide synthetase [Collimonas pratensis],Collimonas pratensis,336,336,100%,5.00E-110,59.22%,445,WP_240950840.1,Pseudomonadota,Betaproteobacteria,Burkholderiales,,Oxalobacteraceae,Collimonas
OTU351,non-ribosomal peptide synthetase [Delftia acidovorans],Delftia acidovorans,516,516,100%,0,92.20%,380,WP_016454830.1,Pseudomonadota,Betaproteobacteria,Burkholderiales,,Comamonadaceae,Delftia
OTU258,amino acid adenylation domain-containing protein [Duganella sp. HSC-15S17],Duganella sp. HSC-15S17,441,441,100%,7.00E-150,67.94%,504,WP_217946663.1,Pseudomonadota,Betaproteobacteria,Burkholderiales,,Oxalobacteraceae,Massilia
OTU226,non-ribosomal peptide synthetase [Hydrogenophaga sp. PBC],Hydrogenophaga sp. PBC,302,302,98%,4.00E-91,60.82%,111700.00%,WP_009517170.1,Pseudomonadota,Betaproteobacteria,Burkholderiales,,Comamonadaceae,Hydrogenophaga
OTU126,non-ribosomal peptide synthase/polyketide synthase [Janthinobacterium lividum],Janthinobacterium lividum,412,1469,100%,3.00E-127,69.67%,6445,WP_176386407.1,Pseudomonadota,Betaproteobacteria,Burkholderiales,,Oxalobacteraceae,Janthinobacterium
OTU182,amino acid adenylation domain-containing protein [Massilia sp. BJB1822],Massilia sp. BJB1822,98.2,192,98%,1.00E-21,73.13%,2804,NVE00639.1,Pseudomonadota,Betaproteobacteria,Burkholderiales,,Oxalobacteraceae,Massilia 
OTU437,AMP-binding protein [Massilia sp. H-1],Massilia sp. H-1,263,263,86%,4.00E-86,73.14%,207,UUZ56122.1,Pseudomonadota,Betaproteobacteria,Burkholderiales,,Oxalobacteraceae,Massilia
OTU188,amino acid adenylation domain-containing protein [Mycetohabitans endofungorum],Mycetohabitans endofungorum,326,326,99%,1.00E-106,60.15%,425,WP_146064138.1,Pseudomonadota,Betaproteobacteria,Burkholderiales,,Burkholderiaceae,Mycetohabitans
OTU333,amino acid adenylation domain-containing protein [Mycetohabitans endofungorum],Mycetohabitans endofungorum,272,272,85%,1.00E-85,61.37%,425,WP_146064138.1,Pseudomonadota,Betaproteobacteria,Burkholderiales,,Burkholderiaceae,Mycetohabitans
OTU420,AMP-binding protein [Mycetohabitans sp. B5],Mycetohabitans sp. B5,284,284,98%,3.00E-89,55.64%,489,MCG1056157.1,Pseudomonadota,Betaproteobacteria,Burkholderiales,,Burkholderiaceae,Mycetohabitans
OTU23,amino acid adenylation domain-containing protein [Noviherbaspirillum sp. Root189],Noviherbaspirillum sp. Root189,374,374,99%,7.00E-123,66.32%,599,WP_235548660.1,Pseudomonadota,Betaproteobacteria,Burkholderiales,,Oxalobacteraceae,Noviherbaspirillum
OTU142,amino acid adenylation domain-containing protein [Noviherbaspirillum sp. Root189],Noviherbaspirillum sp. Root189,351,351,100%,7.00E-109,63.64%,1185,WP_235548544.1,Pseudomonadota,Betaproteobacteria,Burkholderiales,,Oxalobacteraceae,Noviherbaspirillum
OTU394,non-ribosomal peptide synthetase [Noviherbaspirillum sp. Root189],Noviherbaspirillum sp. Root189,418,906,100%,2.00E-129,69.11%,4256,WP_057292574.1,Pseudomonadota,Betaproteobacteria,Burkholderiales,,Oxalobacteraceae,Noviherbaspirillum
OTU60,non-ribosomal peptide synthetase [Pelomonas sp. CA6],Pelomonas sp. CA6,300,300,94%,2.00E-97,56.11%,346,WP_241399027.1,Pseudomonadota,Betaproteobacteria,Burkholderiales,,Comamonadaceae,Pelomonas
OTU191,type I polyketide synthase [Pseudoduganella ginsengisoli],Pseudoduganella ginsengisoli,358,358,94%,2.00E-108,65.25%,2115,WP_155441530.1,Pseudomonadota,Betaproteobacteria,Burkholderiales,,Oxalobacteraceae,Pseudoduganella
OTU107,non-ribosomal peptide synthetase [Ralstonia pseudosolanacearum],Ralstonia pseudosolanacearum,374,374,100%,1.00E-122,60.91%,582,WP_146605574.1,Pseudomonadota,Betaproteobacteria,Burkholderiales,,Burkholderiaceae,Ralstonia
OTU10,amino acid adenylation domain-containing protein [Ralstonia solanacearum],Ralstonia solanacearum,345,345,100%,2.00E-115,60.70%,329,WP_141638765.1,Pseudomonadota,Betaproteobacteria,Burkholderiales,,Burkholderiaceae,Ralstonia
OTU228,peptide synthetase [Ralstonia solanacearum],Ralstonia solanacearum,90.5,90.5,100%,5.00E-21,52.13%,104,WP_043885593.1,Pseudomonadota,Betaproteobacteria,Burkholderiales,,Burkholderiaceae,Ralstonia
OTU49,amino acid adenylation domain-containing protein [Ramlibacter sp.],Ramlibacter sp.,259,443,85%,9.00E-75,63.44%,3031,MBA2675394.1,Pseudomonadota,Betaproteobacteria,Burkholderiales,,Comamonadaceae,Ramlibacter
OTU64,amino acid adenylation domain-containing protein [Ramlibacter sp.],Ramlibacter sp.,429,42900%,99%,6.00E-142,75.00%,780,MBA2675528.1,Pseudomonadota,Betaproteobacteria,Burkholderiales,,Comamonadaceae,Ramlibacter
OTU131,amino acid adenylation domain-containing protein [Ramlibacter sp.],Ramlibacter sp.,352,607,99%,3.00E-107,64.21%,1564,MBA2675550.1,Pseudomonadota,Betaproteobacteria,Burkholderiales,,Comamonadaceae,Ramlibacter
OTU240,amino acid adenylation domain-containing protein [Ramlibacter sp.],Ramlibacter sp.,339,339,98%,1.00E-104,68.59%,1076,MBA2673524.1,Pseudomonadota,Betaproteobacteria,Burkholderiales,,Comamonadaceae,Ramlibacter
OTU243,amino acid adenylation domain-containing protein [Ramlibacter sp.],Ramlibacter sp.,363,504,100%,2.00E-112,67.39%,1327,MBA3774792.1,Pseudomonadota,Betaproteobacteria,Burkholderiales,,Comamonadaceae,Ramlibacter
OTU259,amino acid adenylation domain-containing protein [Ramlibacter sp.],Ramlibacter sp.,432,920,100%,2.00E-134,73.58%,3874,MBA2674919.1,Pseudomonadota,Betaproteobacteria,Burkholderiales,,Comamonadaceae,Ramlibacter
OTU292,non-ribosomal peptide synthase/polyketide synthase [Ramlibacter sp.],Ramlibacter sp.,361,1160,100%,8.00E-110,64.86%,4557,MBA2672822.1,Pseudomonadota,Betaproteobacteria,Burkholderiales,,Comamonadaceae,Ramlibacter
OTU294,amino acid adenylation domain-containing protein [Ramlibacter sp.],Ramlibacter sp.,436,436,99%,1.00E-136,74.58%,2001,MBA2674104.1,Pseudomonadota,Betaproteobacteria,Burkholderiales,,Comamonadaceae,Ramlibacter
OTU307,amino acid adenylation domain-containing protein [Ramlibacter sp.],Ramlibacter sp.,370,598,92%,3.00E-113,65.36%,2723,MBA2674790.1,Pseudomonadota,Betaproteobacteria,Burkholderiales,,Comamonadaceae,Ramlibacter
OTU367,amino acid adenylation domain-containing protein [Ramlibacter sp.],Ramlibacter sp.,347,347,99%,1.00E-107,65.66%,1076,MBA2673524.1,Pseudomonadota,Betaproteobacteria,Burkholderiales,,Comamonadaceae,Ramlibacter
OTU281,partial enterobactin synthetase component F [Rhodocyclaceae bacterium],Rhodocyclaceae bacterium,322,322,98%,6.00E-105,56.11%,38500.00%,CAG0932445.1,Pseudomonadota,Betaproteobacteria,Rhodocyclales,,Rhodocyclaceae,
OTU125,amino acid adenylation domain-containing protein [Rhodocyclales bacterium],Rhodocyclales bacterium,423,423,100%,3.00E-136,72.43%,1109,MBI5785603.1,Pseudomonadota,Betaproteobacteria,Rhodocyclales,,,
OTU323,amino acid adenylation domain-containing protein [Rubrivivax sp.],Rubrivivax sp.,325,609,98%,8.00E-98,62.65%,1658,RZI83555.1,Pseudomonadota,Betaproteobacteria,Burkholderiales,,Sphaerotilaceae,Rubrivivax
OTU245,peptide synthetase [Schlegelella brevitalea],Schlegelella brevitalea,293,1084,100%,3.00E-86,56.27%,5984,AKJ29412.1,Pseudomonadota,Betaproteobacteria,Burkholderiales,,Sphaerotilaceae,Schlegelella
OTU356,non-ribosomal peptide synthetase [Schlegelella brevitalea],Schlegelella brevitalea,351,1249,100%,9.00E-107,69.34%,5958,WP_047197779.1,Pseudomonadota,Betaproteobacteria,Burkholderiales,,Sphaerotilaceae,Schlegelella
OTU224,amino acid adenylation domain-containing protein [Uliginosibacterium sp.],Uliginosibacterium sp.,372,593,99%,9.00E-115,73.09%,1576,MBK9394965.1,Pseudomonadota,Betaproteobacteria,Rhodocyclales,,Zoogloeaceae,Uliginosibacterium
OTU337,non-ribosomal peptide synthetase [unclassified Massilia],unclassified Massilia,324,953,96%,2.00E-97,63.81%,5371,WP_192052000.1,Pseudomonadota,Betaproteobacteria,Burkholderiales,,Oxalobacteraceae,Massilia
OTU206,non-ribosomal peptide synthetase [Variovorax guangxiensis],Variovorax guangxiensis,386,386,99%,8.00E-124,68.49%,938,WP_184642837.1,Pseudomonadota,Betaproteobacteria,Burkholderiales,,Comamonadaceae,Variovorax
OTU407,non-ribosomal peptide synthase/polyketide synthase [Archangium sp. CY-1],Archangium sp. CY-1,172,448,100%,8.00E-47,73.21%,7037,WP_257450671.1,Pseudomonadota,Deltaproteobacteria,Myxococcales,Cystobacterineae,Archangiaceae,Archangium
OTU361,non-ribosomal peptide synthase/polyketide synthase [Archangium sp. miwbw1],Archangium sp. miwbw1,334,1218,100%,3.00E-100,58.62%,5673,WP_267540317.1,Pseudomonadota,Deltaproteobacteria,Myxococcales,Cystobacterineae,Archangiaceae,Archangium
OTU405,non-ribosomal peptide synthase/polyketide synthase [Archangium sp. miwbw1],Archangium sp. miwbw1,301,2448,99%,2.00E-89,58.87%,12436,WP_267536408.1,Pseudomonadota,Deltaproteobacteria,Myxococcales,Cystobacterineae,Archangiaceae,Archangium
OTU163,non-ribosomal peptide synthetase [Archangium violaceum],Archangium violaceum,315,417,100%,2.00E-94,63.77%,1552,WP_043390595.1,Pseudomonadota,Deltaproteobacteria,Myxococcales,Cystobacterineae,Archangiaceae,Archangium
OTU450,non-ribosomal peptide synthetase [Citreicoccus inhibens],Citreicoccus inhibens,233,233,98%,2.00E-71,63.76%,408,WP_217082194.1,Pseudomonadota,Deltaproteobacteria,Myxococcales,Cystobacterineae,Myxococcaceae,Citreicoccus
OTU280,amino acid adenylation domain-containing protein [Corallococcus coralloides],Corallococcus coralloides,426,426,99%,3.00E-142,66.67%,634,WP_253710958.1,Pseudomonadota,Deltaproteobacteria,Myxococcales,Cystobacterineae,Myxococcaceae,Corallococcus
OTU48,AMP-binding protein [Corallococcus exercitus],Corallococcus exercitus,332,332,99%,4.00E-109,58.74%,387,WP_171439269.1,Pseudomonadota,Deltaproteobacteria,Myxococcales,Cystobacterineae,Myxococcaceae,Corallococcus
OTU124,non-ribosomal peptide synthetase [Corallococcus exercitus],Corallococcus exercitus,330,330,100%,9.00E-107,55.97%,511,WP_171422230.1,Pseudomonadota,Deltaproteobacteria,Myxococcales,Cystobacterineae,Myxococcaceae,Corallococcus
OTU200,AMP-binding protein [Corallococcus exercitus],Corallococcus exercitus,333,333,100%,1.00E-109,61.51%,387,WP_171439269.1,Pseudomonadota,Deltaproteobacteria,Myxococcales,Cystobacterineae,Myxococcaceae,Corallococcus
OTU269,AMP-binding protein [Corallococcus exercitus],Corallococcus exercitus,406,406,100%,4.00E-136,67.67%,542,WP_171422219.1,Pseudomonadota,Deltaproteobacteria,Myxococcales,Cystobacterineae,Myxococcaceae,Corallococcus
OTU285,AMP-binding protein [Corallococcus exercitus],Corallococcus exercitus,320,320,100%,4.00E-102,54.93%,542,WP_171422219.1,Pseudomonadota,Deltaproteobacteria,Myxococcales,Cystobacterineae,Myxococcaceae,Corallococcus
OTU324,non-ribosomal peptide synthetase [Corallococcus llansteffanensis],Corallococcus llansteffanensis,259,259,96%,6.00E-81,63.75%,386,WP_147451345.1,Pseudomonadota,Deltaproteobacteria,Myxococcales,Cystobacterineae,Myxococcaceae,Corallococcus
OTU414,AMP-binding protein [Corallococcus sp. AB011P],Corallococcus sp. AB011P,236,236,98%,1.00E-72,57.40%,314,WP_147443452.1,Pseudomonadota,Deltaproteobacteria,Myxococcales,Cystobacterineae,Myxococcaceae,Corallococcus
OTU29,amino acid adenylation domain-containing protein [Deltaproteobacteria bacterium],Deltaproteobacteria bacterium,379,379,100%,1.00E-117,69.33%,1371,TMB64416.1,Pseudomonadota,Deltaproteobacteria,,,,
OTU78,amino acid adenylation domain-containing protein [Deltaproteobacteria bacterium],Deltaproteobacteria bacterium,319,319,100%,9.00E-96,59.45%,1371,TMB64416.1,Pseudomonadota,Deltaproteobacteria,,,,
OTU122,amino acid adenylation domain-containing protein [Deltaproteobacteria bacterium],Deltaproteobacteria bacterium,378,378,100%,3.00E-117,68.87%,1371,TMB64416.1,Pseudomonadota,Deltaproteobacteria,,,,
OTU221,amino acid adenylation domain-containing protein [Deltaproteobacteria bacterium],Deltaproteobacteria bacterium,278,278,100%,1.00E-81,54.61%,1416,TMA10408.1,Pseudomonadota,Deltaproteobacteria,,,,
OTU225,amino acid adenylation domain-containing protein [Deltaproteobacteria bacterium],Deltaproteobacteria bacterium,363,363,100%,2.00E-116,71.22%,822,TFH30337.1,Pseudomonadota,Deltaproteobacteria,,,,
OTU396,amino acid adenylation domain-containing protein [Deltaproteobacteria bacterium],Deltaproteobacteria bacterium,355,769,98%,2.00E-107,55.23%,3480,MBA3455839.1,Pseudomonadota,Deltaproteobacteria,,,,
OTU275,non-ribosomal peptide synthetase [Hyalangium sp. H56D21],Hyalangium sp. H56D21,249,471,98%,6.00E-71,49.65%,2815,WP_224362051.1,Pseudomonadota,Deltaproteobacteria,Myxococcales,,Archangiaceae,Hyalangium
OTU110,non-ribosomal peptide synthetase [Myxococcus sp. AS-1-15],Myxococcus sp. AS-1-15,282,282,100%,6.00E-84,57.14%,1108,WP_223784632.1,Pseudomonadota,Deltaproteobacteria,Myxococcales,Cystobacterineae,Myxococcaceae,Myxococcus
OTU22,non-ribosomal peptide synthetase [Myxococcus sp. RHSTA-1-4],Myxococcus sp. RHSTA-1-4,362,362,99%,2.00E-118,64.43%,575,WP_223760800.1,Pseudomonadota,Deltaproteobacteria,Myxococcales,Cystobacterineae,Myxococcaceae,Myxococcus
OTU413,non-ribosomal peptide synthetase [Myxococcus sp. RHSTA-1-4],Myxococcus sp. RHSTA-1-4,298,298,100%,9.00E-94,62.99%,575,WP_223760800.1,Pseudomonadota,Deltaproteobacteria,Myxococcales,Cystobacterineae,Myxococcaceae,Myxococcus
OTU427,non-ribosomal peptide synthetase [Pyxidicoccus caerfyrddinensis],Pyxidicoccus caerfyrddinensis,521,521,98%,4.00E-175,98.28%,1008,WP_163998570.1,Pseudomonadota,Deltaproteobacteria,Myxococcales,Cystobacterineae,Myxococcaceae,Pyxidicoccus
OTU146,non-ribosomal peptide synthetase [Pyxidicoccus sp. SCPEA002],Pyxidicoccus sp. SCPEA002,357,961,100%,2.00E-108,63.32%,4307,WP_206727927.1,Pseudomonadota,Deltaproteobacteria,Myxococcales,Cystobacterineae,Myxococcaceae,Pyxidicoccus
OTU231,non-ribosomal peptide synthase/polyketide synthase [Sorangium cellulosum],Sorangium cellulosum,325,1339,99%,2.00E-97,62.03%,7598,WP_129573598.1,Pseudomonadota,Deltaproteobacteria,Myxococcales,,Polyangiaceae,Sorangium
OTU75,non-ribosomal peptide synthetase [Stigmatella aurantiaca],Stigmatella aurantiaca,283,283,99%,7.00E-83,59.93%,3098,WP_013376561.1,Pseudomonadota,Deltaproteobacteria,Myxococcales,Cystobacterineae,Archangiaceae,Stigmatella
OTU38,LLM class flavin-dependent oxidoreductase [Agarilytica rhodophyticola],Agarilytica rhodophyticola,305,305,93%,1.00E-90,56.70%,156200.00%,WP_158658161.1,Pseudomonadota,Gammaproteobacteria,Cellvibrionales,,Cellvibrionaceae,Agarilytica
OTU105,amino acid adenylation domain-containing protein [Alteromonadaceae bacterium],Alteromonadaceae bacterium,274,370,99%,6.00E-80,53.10%,1649,NQY37585.1,Pseudomonadota,Gammaproteobacteria,Alteromonadales,,Alteromonadaceae,
OTU116,non-ribosomal peptide synthetase [Dyella tabacisoli],Dyella tabacisoli,88.2,315,81%,5.00E-18,67.19%,4226,WP_114847090.1,Pseudomonadota,Gammaproteobacteria,Xanthomonadales,,Rhodanobacteraceae,Dyella
OTU138,non-ribosomal peptide synthetase [Dyella tabacisoli],Dyella tabacisoli,249,603,99%,5.00E-71,53.41%,3742,WP_114846803.1,Pseudomonadota,Gammaproteobacteria,Xanthomonadales,,Rhodanobacteraceae,Dyella
OTU96,non-ribosomal peptide synthetase [Frateuria flava],Frateuria flava,142,142,86%,3.00E-36,69.16%,1135,WP_209615278.1,Pseudomonadota,Gammaproteobacteria,Xanthomonadales,,Rhodanobacteraceae,Frateuria
OTU242,amino acid adenylation domain-containing protein [Frateuria flava],Frateuria flava,359,713,99%,3.00E-109,65.96%,3199,WP_245187879.1,Pseudomonadota,Gammaproteobacteria,Xanthomonadales,,Rhodanobacteraceae,Frateuria
OTU189,amino acid adenylation domain-containing protein [Lonsdalea populi],Lonsdalea populi,289,289,99%,5.00E-92,59.52%,421,WP_146742206.1,Pseudomonadota,Gammaproteobacteria,Enterobacterales,,Pectobacteriaceae,Lonsdalea
OTU451,amino acid adenylation domain-containing protein [Lonsdalea populi],Lonsdalea populi,308,308,99%,2.00E-100,67.71%,421,WP_146742206.1,Pseudomonadota,Gammaproteobacteria,Enterobacterales,,Pectobacteriaceae,Lonsdalea
OTU322,amino acid adenylation domain-containing protein [Lysobacter sp. BMK333-48F3],Lysobacter sp. BMK333-48F3,307,307,99%,8.00E-93,60.43%,1093,WP_255595530.1,Pseudomonadota,Gammaproteobacteria,Xanthomonadales,,Xanthomonadaceae,Lysobacter
OTU298,amino acid adenylation domain-containing protein [Lysobacter sp. Root983],Lysobacter sp. Root983,258,258,98%,1.00E-83,68.85%,263,WP_255356366.1,Pseudomonadota,Gammaproteobacteria,Xanthomonadales,,Xanthomonadaceae,Lysobacter
OTU287,amino acid adenylation domain-containing protein [Marinobacter halodurans],Marinobacter halodurans,271,271,100%,2.00E-84,55.41%,454,WP_242674587.1,Pseudomonadota,Gammaproteobacteria,Pseudomonadales,,Marinobacteraceae,Marinobacter
OTU141,AMP-binding protein [Methylobacter sp. BlB1],Methylobacter sp. BlB1,397,397,99%,3.00E-134,65.64%,415,WP_194972281.1,Pseudomonadota,Gammaproteobacteria,Methylococcales,,Methylococcaceae,Methylobacter
OTU148,AMP-binding protein [Methylobacter sp. BlB1],Methylobacter sp. BlB1,407,407,100%,3.00E-138,69.10%,415,WP_194972281.1,Pseudomonadota,Gammaproteobacteria,Methylococcales,,Methylococcaceae,Methylobacter
OTU263,amino acid adenylation domain-containing protein [Methylovulum sp.],Methylovulum sp.,287,473,99%,5.00E-84,53.50%,1916,TAL41452.1,Pseudomonadota,Gammaproteobacteria,Methylococcales,,Methylococcaceae,Methylovulum
OTU80,amino acid adenylation domain-containing protein [Pectobacterium brasiliense],Pectobacterium brasiliense,293,293,98%,2.00E-97,65.73%,217,WP_155276647.1,Pseudomonadota,Gammaproteobacteria,Enterobacterales,,Pectobacteriaceae,Pectobacterium
OTU355,amino acid adenylation domain-containing protein [Pectobacterium sp. 13-115],Pectobacterium sp. 13-115,233,233,84%,6.00E-70,54.15%,442,WP_268581190.1,Pseudomonadota,Gammaproteobacteria,Enterobacterales,,Pectobacteriaceae,Pectobacterium
OTU362,non-ribosomal peptide synthetase [Photorhabdus caribbeanensis],Photorhabdus caribbeanensis,349,349,98%,1.00E-111,58.47%,696,MBS9426442.1,Pseudomonadota,Gammaproteobacteria,Enterobacterales,,Morganellaceae,Photorhabdus
OTU433,non-ribosomal peptide synthetase [unclassified Pseudomonas],Pseudomonas,559,988,98%,6.00E-179,98.53%,3774,WP_056859463.1,Pseudomonadota,Gammaproteobacteria,Pseudomonadales,,Pseudomonadaceae,Pseudomonas
OTU28,amino acid adenylation domain-containing protein [Pseudomonas aeruginosa],Pseudomonas aeruginosa,498,498,100%,1.00E-174,100.00%,402,WP_139292961.1,Pseudomonadota,Gammaproteobacteria,Pseudomonadales,,Pseudomonadaceae,Pseudomonas
OTU101,AMP-binding protein [Pseudomonas capsici],Pseudomonas capsici,229,229,100%,6.00E-73,71.70%,23300.00%,WP_206403388.1,Pseudomonadota,Gammaproteobacteria,Pseudomonadales,,Pseudomonadaceae,Pseudomonas
OTU169,non-ribosomal peptide synthase/polyketide synthase [Pseudomonas carnis],Pseudomonas carnis,626,1258,100%,0,98.71%,4677,WP_213153950.1,Pseudomonadota,Gammaproteobacteria,Pseudomonadales,,Pseudomonadaceae,Pseudomonas
OTU399,amino acid adenylation domain-containing protein [Pseudomonas congelans],Pseudomonas congelans,421,421,99%,6.00E-143,71.19%,455,WP_143483167.1,Pseudomonadota,Gammaproteobacteria,Pseudomonadales,,Pseudomonadaceae,Pseudomonas
OTU65,amino acid adenylation domain-containing protein [Pseudomonas frederiksbergensis],Pseudomonas frederiksbergensis,553,553,97%,5.00E-179,96.09%,202800.00%,MBN3865327.1,Pseudomonadota,Gammaproteobacteria,Pseudomonadales,,Pseudomonadaceae,Pseudomonas
OTU45,amino acid adenylation domain-containing protein [Pseudomonas fuscovaginae],Pseudomonas fuscovaginae,385,385,98%,5.00E-129,68.46%,490,WP_239687886.1,Pseudomonadota,Gammaproteobacteria,Pseudomonadales,,Pseudomonadaceae,Pseudomonas
OTU150,non-ribosomal peptide synthetase [Pseudomonas fuscovaginae],Pseudomonas fuscovaginae,362,362,99%,2.00E-120,58.97%,436,WP_010446056.1,Pseudomonadota,Gammaproteobacteria,Pseudomonadales,,Pseudomonadaceae,Pseudomonas
OTU343,non-ribosomal peptide synthetase [Pseudomonas fuscovaginae],Pseudomonas fuscovaginae,353,353,99%,6.00E-117,59.80%,407,WP_037006294.1,Pseudomonadota,Gammaproteobacteria,Pseudomonadales,,Pseudomonadaceae,Pseudomonas
OTU84,non-ribosomal peptide synthase/polyketide synthase [Pseudomonas lactis],Pseudomonas lactis,621,1232,100%,0,99.67%,4677,WP_236301354.1,Pseudomonadota,Gammaproteobacteria,Pseudomonadales,,Pseudomonadaceae,Pseudomonas
OTU369,non-ribosomal peptide synthase/polyketide synthase [Pseudomonas lactis],Pseudomonas lactis,620,1237,100%,0,100.00%,4677,WP_138725831.1,Pseudomonadota,Gammaproteobacteria,Pseudomonadales,,Pseudomonadaceae,Pseudomonas
OTU415,non-ribosomal peptide synthetase [Pseudomonas lactis],Pseudomonas lactis,584,973,100%,0,100.00%,3951,WP_169855936.1,Pseudomonadota,Gammaproteobacteria,Pseudomonadales,,Pseudomonadaceae,Pseudomonas
OTU58,amino acid adenylation domain-containing protein [Pseudomonas sp.],Pseudomonas sp.,541,748,100%,5.00E-179,96.73%,140900.00%,RZI68294.1,Pseudomonadota,Gammaproteobacteria,Pseudomonadales,,Pseudomonadaceae,Pseudomonas
OTU291,non-ribosomal peptide synthetase [Pseudomonas sp. 18058],Pseudomonas sp. 18058,616,871,100%,0,99.33%,2954,WP_159813788.1,Pseudomonadota,Gammaproteobacteria,Pseudomonadales,,Pseudomonadaceae,Pseudomonas
OTU368,non-ribosomal peptide synthetase [Pseudomonas sp. 18058],Pseudomonas sp. 18058,569,798,100%,0,99.00%,2954,WP_159813788.1,Pseudomonadota,Gammaproteobacteria,Pseudomonadales,,Pseudomonadaceae,Pseudomonas
OTU378,amino acid adenylation domain-containing protein [Pseudomonas sp. CFBP 8772],Pseudomonas sp. CFBP 8772,525,689,100%,2.00E-167,95.19%,3241,MBD8599577.1,Pseudomonadota,Gammaproteobacteria,Pseudomonadales,,Pseudomonadaceae,Pseudomonas
OTU328,amino acid adenylation domain-containing protein [Pseudomonas sp. FW305-28],Pseudomonas sp. FW305-28,288,288,98%,2.00E-93,61.00%,303,WP_207268293.1,Pseudomonadota,Gammaproteobacteria,Pseudomonadales,,Pseudomonadaceae,Pseudomonas
OTU370,amino acid adenylation domain-containing protein [Pseudomonas sp. ICMP 10191],Pseudomonas sp. ICMP 10191,369,369,98%,4.00E-123,61.49%,424,WP_236713887.1,Pseudomonadota,Gammaproteobacteria,Pseudomonadales,,Pseudomonadaceae,Pseudomonas
OTU102,non-ribosomal peptide synthetase [Pseudomonas sp. M47T1],Pseudomonas sp. M47T1,115,284,100%,2.00E-27,56.99%,3594,WP_008373231.1,Pseudomonadota,Gammaproteobacteria,Pseudomonadales,,Pseudomonadaceae,Pseudomonas
OTU35,non-ribosomal peptide synthetase [Pseudomonas sp. MPBD7-1],Pseudomonas sp. MPBD7-1,372,372,98%,2.00E-125,68.54%,384,WP_146042698.1,Pseudomonadota,Gammaproteobacteria,Pseudomonadales,,Pseudomonadaceae,Pseudomonas
OTU136,amino acid adenylation domain-containing protein [Pseudomonas sp. NFACC10-1],Pseudomonas sp. NFACC10-1,332,332,98%,4.00E-107,60.85%,539,WP_139271373.1,Pseudomonadota,Gammaproteobacteria,Pseudomonadales,,Pseudomonadaceae,Pseudomonas
OTU16,non-ribosomal peptide synthetase [Pseudomonas sp. P1.31],Pseudomonas sp. P1.31,597,1434,100%,0.00E+00,99.32%,3690,WP_05311884,Pseudomonadota,Gammaproteobacteria,Pseudomonadales,,Pseudomonadaceae,Pseudomonas
OTU123,amino acid adenylation domain-containing protein [Pseudomonas syringae],Pseudomonas syringae,362,362,100%,6.00E-119,64.43%,52400.00%,WP_154807209.1,Pseudomonadota,Gammaproteobacteria,Pseudomonadales,,Pseudomonadaceae,Pseudomonas
OTU149,non-ribosomal peptide synthetase [Pseudomonas syringae],Pseudomonas syringae,263,263,99%,3.00E-79,55.59%,635,WP_236475064.1,Pseudomonadota,Gammaproteobacteria,Pseudomonadales,,Pseudomonadaceae,Pseudomonas
OTU297,AMP-binding protein [Pseudomonas syringae],Pseudomonas syringae,297,297,97%,9.00E-99,72.55%,247,WP_259648158.1,Pseudomonadota,Gammaproteobacteria,Pseudomonadales,,Pseudomonadaceae,Pseudomonas
OTU326,non-ribosomal peptide synthetase [Pseudomonas syringae],Pseudomonas syringae,338,338,100%,4.00E-111,60.58%,431,WP_152531797.1,Pseudomonadota,Gammaproteobacteria,Pseudomonadales,,Pseudomonadaceae,Pseudomonas
OTU419,AMP-binding protein [Pseudomonas syringae],Pseudomonas syringae,291,291,100%,4.00E-94,56.88%,325,WP_246766126.1,Pseudomonadota,Gammaproteobacteria,Pseudomonadales,,Pseudomonadaceae,Pseudomonas
OTU185,non-ribosomal peptide synthase/polyketide synthase [Pseudomonas viridiflava],Pseudomonas viridiflava,579,1546,100%,0,95.27%,5400,WP_241072706.1,Pseudomonadota,Gammaproteobacteria,Pseudomonadales,,Pseudomonadaceae,Pseudomonas
OTU208,Amino acid adenylation [Pseudomonas viridiflava],Pseudomonas viridiflava,279,279,99%,3.00E-88,58.05%,394,RMT82599.1,Pseudomonadota,Gammaproteobacteria,Pseudomonadales,,Pseudomonadaceae,Pseudomonas
OTU404,amino acid adenylation domain-containing protein [Rhodanobacter sp. A1T4],Rhodanobacter sp. A1T4,371,371,99%,8.00E-122,72.14%,621,WP_184674456.1,Pseudomonadota,Gammaproteobacteria,Xanthomonadales,,Rhodanobacteraceae,Rhodanobacter
OTU335,non-ribosomal peptide synthetase [Rhodanobacter sp. T12-5],Rhodanobacter sp. T12-5,145,481,100%,7.00E-38,81.18%,4751,WP_149363065.1,Pseudomonadota,Gammaproteobacteria,Xanthomonadales,,Rhodanobacteraceae,Rhodanobacter
OTU100,amino acid adenylation domain-containing protein [Sinobacteraceae bacterium],Sinobacteraceae bacterium,369,369,99%,2.00E-115,62.66%,1153,MBV9914285.1,Pseudomonadota,Gammaproteobacteria,Nevskiales,,Sinobacteraceae,
OTU348,amino acid adenylation domain-containing protein [Stenotrophomonas maltophilia],Stenotrophomonas maltophilia,391,391,99%,2.00E-130,74.47%,557,MBN5132552.1,Pseudomonadota,Gammaproteobacteria,Xanthomonadales,,Xanthomonadaceae,Stenotrophomonas
OTU381,non-ribosomal peptide synthetase [Teredinibacter haidensis],Teredinibacter haidensis,338,976,99%,9.00E-102,63.64%,6820,WP_075187483.1,Pseudomonadota,Gammaproteobacteria,Cellvibrionales,,Cellvibrionaceae,Teredinibacter
OTU89,TPA: amino acid adenylation domain-containing protein [Thioploca sp.],Thioploca sp.,404,404,100%,6.00E-135,64.80%,543,HEC84312.1,Pseudomonadota,Gammaproteobacteria,Thiotrichales,,Thiotrichaceae,Thioploca
OTU112,TPA: non-ribosomal peptide synthetase [Thioploca sp.],Thioploca sp.,327,327,98%,3.00E-105,62.01%,53400.00%,HDN27654.1,Pseudomonadota,Gammaproteobacteria,Thiotrichales,,Thiotrichaceae,Thioploca
OTU111,amino acid adenylation domain-containing protein [Xanthomonas albilineans],Xanthomonas albilineans,303,303,99%,2.00E-94,53.71%,697,WP_160296041.1,Pseudomonadota,Gammaproteobacteria,Xanthomonadales,,Xanthomonadaceae,Xanthomonas
OTU380,Amino acid adenylation [Xenorhabdus miraniensis],Xenorhabdus miraniensis,281,1248,100%,3.00E-82,58.46%,6190,PHM46881.1,Pseudomonadota,Gammaproteobacteria,Enterobacterales,,Morganellaceae,Xenorhabdus
OTU127,non-ribosomal peptide synthetase [Xenorhabdus szentirmaii],Xenorhabdus szentirmaii,308,308,96%,4.00E-99,59.85%,454,WP_038235217.1,Pseudomonadota,Gammaproteobacteria,Enterobacterales,,Morganellaceae,Xenorhabdus
OTU403,non-ribosomal peptide synthetase [Xenorhabdus szentirmaii],Xenorhabdus szentirmaii,228,228,85%,4.00E-68,64.35%,45400.00%,WP_038235217.1,Pseudomonadota,Gammaproteobacteria,Enterobacterales,,Morganellaceae,Xenorhabdus
OTU230,non-ribosomal peptide synthetase [Opitutus terrae],Opitutus terrae,375,745,97%,4.00E-115,79.54%,3639,WP_012374788.1,Verrucomicrobia,Opitutae,Opitutales,,Opitutaceae,Opitutus
OTU352,non-ribosomal peptide synthetase [Opitutus terrae],Opitutus terrae,436,436,100%,3.00E-136,78.40%,2439,WP_012374785.1,Verrucomicrobia,Opitutae,Opitutales,,Opitutaceae,Opitutus
OTU18,amino acid adenylation domain-containing protein [Verrucomicrobia bacterium],Verrucomicrobia bacterium,376,376,100%,5.00E-120,62.13%,898,MBK9992039.1,Verrucomicrobia,,,,,
OTU21,non-ribosomal peptide synthetase [Verrucomicrobia bacterium],Verrucomicrobia bacterium,406,406,100%,2.00E-135,66.55%,592,PYJ86154.1,Verrucomicrobia,,,,,
OTU30,non-ribosomal peptide synthetase [Verrucomicrobia bacterium],Verrucomicrobia bacterium,323,323,100%,9.00E-105,63.23%,472,PYK95908.1,Verrucomicrobia,,,,,
OTU73,non-ribosomal peptide synthetase [Verrucomicrobia bacterium],Verrucomicrobia bacterium,310,310,99%,1.00E-99,56.12%,472,PYK95908.1,Verrucomicrobia,,,,,
OTU130,non-ribosomal peptide synthetase [Verrucomicrobia bacterium],Verrucomicrobia bacterium,361,361,100%,1.00E-119,64.08%,472,PYK95908.1,Verrucomicrobia,,,,,
OTU166,non-ribosomal peptide synthetase [Verrucomicrobia bacterium],Verrucomicrobia bacterium,349,349,100%,8.00E-115,65.17%,472,PYK95908.1,Verrucomicrobia,,,,,
OTU197,non-ribosomal peptide synthetase [Verrucomicrobia bacterium],Verrucomicrobia bacterium,407,607,99%,1.00E-125,67.91%,2456,PYJ33551.1,Verrucomicrobia,,,,,
OTU220,amino acid adenylation domain-containing protein [Verrucomicrobia bacterium],Verrucomicrobia bacterium,317,317,97%,3.00E-98,64.29%,898,MBK9992039.1,Verrucomicrobia,,,,,
OTU233,non-ribosomal peptide synthetase [Verrucomicrobia bacterium],Verrucomicrobia bacterium,360,360,99%,4.00E-119,58.68%,472,PYK95908.1,Verrucomicrobia,,,,,
OTU254,non-ribosomal peptide synthetase [Verrucomicrobia bacterium],Verrucomicrobia bacterium,389,389,100%,3.00E-126,65.33%,778,PYK62913.1,Verrucomicrobia,,,,,
OTU265,non-ribosomal peptide synthetase [Verrucomicrobia bacterium],Verrucomicrobia bacterium,312,312,100%,3.00E-100,64.88%,47200.00%,PYK95908.1,Verrucomicrobia,,,,,
OTU278,non-ribosomal peptide synthetase [Verrucomicrobia bacterium],Verrucomicrobia bacterium,424,424,100%,1.00E-143,66.77%,47200.00%,PYK95908.1,Verrucomicrobia,,,,,
OTU310,putative Phenylalanine racemase (ATP-hydrolyzing) [Verrucomicrobia bacterium],Verrucomicrobia bacterium,337,540,100%,4.00E-102,64.29%,3958,SPE63311.1,Verrucomicrobia,,,,,
OTU346,amino acid adenylation domain-containing protein [Verrucomicrobia bacterium],Verrucomicrobia bacterium,347,347,100%,3.00E-109,65.36%,898,MBK9992039.1,Verrucomicrobia,,,,,
OTU365,putative Phenylalanine racemase (ATP-hydrolyzing) [Verrucomicrobia bacterium],Verrucomicrobia bacterium,432,640,100%,1.00E-134,70.23%,3958,SPE63311.1,Verrucomicrobia,,,,,
OTU366,non-ribosomal peptide synthetase [Verrucomicrobia bacterium],Verrucomicrobia bacterium,422,639,100%,3.00E-131,75.34%,2211,PYJ87123.1,Verrucomicrobia,,,,,
OTU373,non-ribosomal peptide synthetase [Verrucomicrobia bacterium],Verrucomicrobia bacterium,327,327,99%,3.00E-106,56.52%,472,PYK95908.1,Verrucomicrobia,,,,,
OTU377,TPA: amino acid adenylation domain-containing protein [Verrucomicrobia bacterium],Verrucomicrobia bacterium,412,837,100%,8.00E-128,72.96%,4489,HHY86856.1,Verrucomicrobia,,,,,
OTU383,amino acid adenylation domain-containing protein [Verrucomicrobia bacterium],Verrucomicrobia bacterium,302,302,99%,4.00E-92,52.61%,898,MBK9992039.1,Verrucomicrobia,,,,,
OTU400,non-ribosomal peptide synthetase [Verrucomicrobia bacterium],Verrucomicrobia bacterium,292,292,99%,2.00E-92,55.92%,472,PYK95908.1,Verrucomicrobia,,,,,
OTU392,amino acid adenylation domain-containing protein [Verrucomicrobiales bacterium],Verrucomicrobiales bacterium,398,398,99%,2.00E-126,65.46%,1124,MCI0536518.1,Verrucomicrobia,,,,,
OTU118,non-ribosomal peptide synthetase [Akkermansiaceae bacterium],Akkermansiaceae bacterium,370,370,99%,5.00E-121,59.73%,599,MBC8096788.1,Verrucomicrobia,Verrucomicrobiae,Verrucomicrobiales,,Akkermansiaceae,
OTU432,non-ribosomal peptide synthetase [Akkermansiaceae bacterium],Akkermansiaceae bacterium,338,338,99%,9.00E-109,60.90%,599,MBC8096788.1,Verrucomicrobia,Verrucomicrobiae,Verrucomicrobiales,,Akkermansiaceae,
OTU304,non-ribosomal peptide synthetase [Pedosphaera parvula],Pedosphaera parvula,362,362,100%,6.00E-113,57.32%,1115,WP_007412885.1,Verrucomicrobia,Verrucomicrobiae,Verrucomicrobiales,,Verrucomicrobia subdivision 3,Pedosphaera
OTU194,AMP-binding protein [Nodularia sphaerocarpa],Nodularia sphaerocarpa,276,27600%,99%,7.00E-87,61.14%,523,WP_272068355.1,Cyanobacteria,Cyanophyceae,Nostocales,,Aphanizomenonaceae,Nodularia
OTU20,AMP-binding protein [Methylobacter sp. BlB1],Methylobacter sp. BlB1,355,355,100%,8.00E-118,62.37%,415,WP_194972281.1,Pseudomonadota,Gammaproteobacteria,Methylococcales,,Methylococcaceae,Methylobacter
